_id,city,county,county_slug,slug,state,state_full,state_slug
64aeb2c05c37d9f10813f931,FPO,FPO,fpo,fpo,AA,Armed Forces America,armed-forces-america
64aeb2c05c37d9f10813f932,APO,APO,apo,apo,AE,Armed Forces Europe,armed-forces-europe
64aeb2c05c37d9f10813f933,DPO,DPO,dpo,dpo,AE,Armed Forces Europe,armed-forces-europe
64aeb2c05c37d9f10813f934,FPO,FPO,fpo,fpo,AE,Armed Forces Europe,armed-forces-europe
64aeb2c05c37d9f10813f935,AKUTAN,ALEUTIANS EAST,aleutians-east,akutan,AK,Alaska,alaska
64aeb2c05c37d9f10813f936,COLD BAY,ALEUTIANS EAST,aleutians-east,cold-bay,AK,Alaska,alaska
64aeb2c05c37d9f10813f937,FALSE PASS,ALEUTIANS EAST,aleutians-east,false-pass,AK,Alaska,alaska
64aeb2c05c37d9f10813f938,KING COVE,ALEUTIANS EAST,aleutians-east,king-cove,AK,Alaska,alaska
64aeb2c05c37d9f10813f939,SAND POINT,ALEUTIANS EAST,aleutians-east,sand-point,AK,Alaska,alaska
64aeb2c05c37d9f10813f93a,ADAK,ALEUTIANS WEST,aleutians-west,adak,AK,Alaska,alaska
64aeb2c05c37d9f10813f93b,ATKA,ALEUTIANS WEST,aleutians-west,atka,AK,Alaska,alaska
64aeb2c05c37d9f10813f93c,DUTCH HARBOR,ALEUTIANS WEST,aleutians-west,dutch-harbor,AK,Alaska,alaska
64aeb2c05c37d9f10813f93d,NIKOLSKI,ALEUTIANS WEST,aleutians-west,nikolski,AK,Alaska,alaska
64aeb2c05c37d9f10813f93e,SAINT GEORGE ISLAND,ALEUTIANS WEST,aleutians-west,saint-george-island,AK,Alaska,alaska
64aeb2c05c37d9f10813f93f,SAINT PAUL ISLAND,ALEUTIANS WEST,aleutians-west,saint-paul-island,AK,Alaska,alaska
64aeb2c05c37d9f10813f940,UNALASKA,ALEUTIANS WEST,aleutians-west,unalaska,AK,Alaska,alaska
64aeb2c05c37d9f10813f941,ANCHORAGE,ANCHORAGE,anchorage,anchorage,AK,Alaska,alaska
64aeb2c05c37d9f10813f942,CHUGIAK,ANCHORAGE,anchorage,chugiak,AK,Alaska,alaska
64aeb2c05c37d9f10813f943,EAGLE RIVER,ANCHORAGE,anchorage,eagle-river,AK,Alaska,alaska
64aeb2c05c37d9f10813f944,GIRDWOOD,ANCHORAGE,anchorage,girdwood,AK,Alaska,alaska
64aeb2c05c37d9f10813f947,AKIACHAK,BETHEL,bethel,akiachak,AK,Alaska,alaska
64aeb2c05c37d9f10813f95a,PLATINUM,BETHEL,bethel,platinum,AK,Alaska,alaska
64aeb2c05c37d9f10813f985,HOMER,KENAI PENINSULA,kenai-peninsula,homer,AK,Alaska,alaska
64aeb2c05c37d9f10813f986,HOPE,KENAI PENINSULA,kenai-peninsula,hope,AK,Alaska,alaska
64aeb2c05c37d9f10813f987,KASILOF,KENAI PENINSULA,kenai-peninsula,kasilof,AK,Alaska,alaska
64aeb2c05c37d9f10813f988,KENAI,KENAI PENINSULA,kenai-peninsula,kenai,AK,Alaska,alaska
64aeb2c05c37d9f10813f989,MOOSE PASS,KENAI PENINSULA,kenai-peninsula,moose-pass,AK,Alaska,alaska
64aeb2c05c37d9f10813f98a,NIKISKI,KENAI PENINSULA,kenai-peninsula,nikiski,AK,Alaska,alaska
64aeb2c05c37d9f10813f98b,NINILCHIK,KENAI PENINSULA,kenai-peninsula,ninilchik,AK,Alaska,alaska
64aeb2c05c37d9f10813f98c,SELDOVIA,KENAI PENINSULA,kenai-peninsula,seldovia,AK,Alaska,alaska
64aeb2c05c37d9f10813f98d,SEWARD,KENAI PENINSULA,kenai-peninsula,seward,AK,Alaska,alaska
64aeb2c05c37d9f10813f9a3,PILOT POINT,LAKE AND PENINSULA,lake-and-peninsula,pilot-point,AK,Alaska,alaska
64aeb2c05c37d9f10813f9a7,HOUSTON,MATANUSKA SUSITNA,matanuska-susitna,houston,AK,Alaska,alaska
64aeb2c05c37d9f10813f9aa,SUTTON,MATANUSKA SUSITNA,matanuska-susitna,sutton,AK,Alaska,alaska
64aeb2c05c37d9f10813f9ab,TALKEETNA,MATANUSKA SUSITNA,matanuska-susitna,talkeetna,AK,Alaska,alaska
64aeb2c05c37d9f10813f9ac,TRAPPER CREEK,MATANUSKA SUSITNA,matanuska-susitna,trapper-creek,AK,Alaska,alaska
64aeb2c05c37d9f10813f9ad,WASILLA,MATANUSKA SUSITNA,matanuska-susitna,wasilla,AK,Alaska,alaska
64aeb2c05c37d9f10813f9ae,WILLOW,MATANUSKA SUSITNA,matanuska-susitna,willow,AK,Alaska,alaska
64aeb2c05c37d9f10813f9af,BREVIG MISSION,NOME,nome,brevig-mission,AK,Alaska,alaska
64aeb2c05c37d9f10813f9b0,ELIM,NOME,nome,elim,AK,Alaska,alaska
64aeb2c05c37d9f10813f9b1,GAMBELL,NOME,nome,gambell,AK,Alaska,alaska
64aeb2c05c37d9f10813f9b2,KOYUK,NOME,nome,koyuk,AK,Alaska,alaska
64aeb2c05c37d9f10813f9b3,NOME,NOME,nome,nome,AK,Alaska,alaska
64aeb2c05c37d9f10813f9b4,SAINT MICHAEL,NOME,nome,saint-michael,AK,Alaska,alaska
64aeb2c05c37d9f10813f9b5,SAVOONGA,NOME,nome,savoonga,AK,Alaska,alaska
64aeb2c05c37d9f10813f9b6,SHAKTOOLIK,NOME,nome,shaktoolik,AK,Alaska,alaska
64aeb2c05c37d9f10813f9b7,SHISHMAREF,NOME,nome,shishmaref,AK,Alaska,alaska
64aeb2c05c37d9f10813f9b8,STEBBINS,NOME,nome,stebbins,AK,Alaska,alaska
64aeb2c05c37d9f10813f9b9,TELLER,NOME,nome,teller,AK,Alaska,alaska
64aeb2c05c37d9f10813f9ba,UNALAKLEET,NOME,nome,unalakleet,AK,Alaska,alaska
64aeb2c05c37d9f10813f9bb,WALES,NOME,nome,wales,AK,Alaska,alaska
64aeb2c05c37d9f10813f9bc,WHITE MOUNTAIN,NOME,nome,white-mountain,AK,Alaska,alaska
64aeb2c05c37d9f10813f9bd,ANAKTUVUK PASS,NORTH SLOPE,north-slope,anaktuvuk-pass,AK,Alaska,alaska
64aeb2c05c37d9f10813f9c2,POINT HOPE,NORTH SLOPE,north-slope,point-hope,AK,Alaska,alaska
64aeb2c05c37d9f10813f9c4,PRUDHOE BAY,NORTH SLOPE,north-slope,prudhoe-bay,AK,Alaska,alaska
64aeb2c05c37d9f10813f9c6,AMBLER,NORTHWEST ARCTIC,northwest-arctic,ambler,AK,Alaska,alaska
64aeb2c05c37d9f10813f9c8,DEERING,NORTHWEST ARCTIC,northwest-arctic,deering,AK,Alaska,alaska
64aeb2c05c37d9f10813f9ca,KIVALINA,NORTHWEST ARCTIC,northwest-arctic,kivalina,AK,Alaska,alaska
64aeb2c05c37d9f10813f9cc,KOTZEBUE,NORTHWEST ARCTIC,northwest-arctic,kotzebue,AK,Alaska,alaska
64aeb2c05c37d9f10813f9ce,NOORVIK,NORTHWEST ARCTIC,northwest-arctic,noorvik,AK,Alaska,alaska
64aeb2c05c37d9f10813f9d0,SHUNGNAK,NORTHWEST ARCTIC,northwest-arctic,shungnak,AK,Alaska,alaska
64aeb2c05c37d9f10813f9d2,PETERSBURG,PETERSBURG,petersburg,petersburg,AK,Alaska,alaska
64aeb2c05c37d9f10813f9ec,WHITTIER,VALDEZ CORDOVA,valdez-cordova,whittier,AK,Alaska,alaska
64aeb2c05c37d9f10813f9ef,EMMONAK,WADE HAMPTON,wade-hampton,emmonak,AK,Alaska,alaska
64aeb2c05c37d9f10813f9f0,HOOPER BAY,WADE HAMPTON,wade-hampton,hooper-bay,AK,Alaska,alaska
64aeb2c05c37d9f10813f9f1,KOTLIK,WADE HAMPTON,wade-hampton,kotlik,AK,Alaska,alaska
64aeb2c05c37d9f10813f9f2,MARSHALL,WADE HAMPTON,wade-hampton,marshall,AK,Alaska,alaska
64aeb2c05c37d9f10813f9f3,MOUNTAIN VILLAGE,WADE HAMPTON,wade-hampton,mountain-village,AK,Alaska,alaska
64aeb2c05c37d9f10813f9f4,NUNAM IQUA,WADE HAMPTON,wade-hampton,nunam-iqua,AK,Alaska,alaska
64aeb2c05c37d9f10813f9f5,PILOT STATION,WADE HAMPTON,wade-hampton,pilot-station,AK,Alaska,alaska
64aeb2c05c37d9f10813f9f6,RUSSIAN MISSION,WADE HAMPTON,wade-hampton,russian-mission,AK,Alaska,alaska
64aeb2c05c37d9f10813f9f7,SAINT MARYS,WADE HAMPTON,wade-hampton,saint-marys,AK,Alaska,alaska
64aeb2c05c37d9f10813f9f8,SCAMMON BAY,WADE HAMPTON,wade-hampton,scammon-bay,AK,Alaska,alaska
64aeb2c05c37d9f10813f9f9,WRANGELL,WRANGELL,wrangell,wrangell,AK,Alaska,alaska
64aeb2c05c37d9f10813f9fa,YAKUTAT,YAKUTAT,yakutat,yakutat,AK,Alaska,alaska
64aeb2c05c37d9f10813f9fb,ALLAKAKET,YUKON KOYUKUK,yukon-koyukuk,allakaket,AK,Alaska,alaska
64aeb2c05c37d9f10813f9fc,ANVIK,YUKON KOYUKUK,yukon-koyukuk,anvik,AK,Alaska,alaska
64aeb2c05c37d9f10813f9fd,ARCTIC VILLAGE,YUKON KOYUKUK,yukon-koyukuk,arctic-village,AK,Alaska,alaska
64aeb2c05c37d9f10813f9fe,BEAVER,YUKON KOYUKUK,yukon-koyukuk,beaver,AK,Alaska,alaska
64aeb2c05c37d9f10813f9ff,BETTLES FIELD,YUKON KOYUKUK,yukon-koyukuk,bettles-field,AK,Alaska,alaska
64aeb2c05c37d9f10813fa00,CENTRAL,YUKON KOYUKUK,yukon-koyukuk,central,AK,Alaska,alaska
64aeb2c05c37d9f10813fa04,GALENA,YUKON KOYUKUK,yukon-koyukuk,galena,AK,Alaska,alaska
64aeb2c05c37d9f10813fa05,GRAYLING,YUKON KOYUKUK,yukon-koyukuk,grayling,AK,Alaska,alaska
64aeb2c05c37d9f10813fa06,HOLY CROSS,YUKON KOYUKUK,yukon-koyukuk,holy-cross,AK,Alaska,alaska
64aeb2c05c37d9f10813fa07,HUGHES,YUKON KOYUKUK,yukon-koyukuk,hughes,AK,Alaska,alaska
64aeb2c05c37d9f10813fa08,HUSLIA,YUKON KOYUKUK,yukon-koyukuk,huslia,AK,Alaska,alaska
64aeb2c05c37d9f10813fa09,KALTAG,YUKON KOYUKUK,yukon-koyukuk,kaltag,AK,Alaska,alaska
64aeb2c05c37d9f10813fa0a,KOYUKUK,YUKON KOYUKUK,yukon-koyukuk,koyukuk,AK,Alaska,alaska
64aeb2c05c37d9f10813fa0b,LAKE MINCHUMINA,YUKON KOYUKUK,yukon-koyukuk,lake-minchumina,AK,Alaska,alaska
64aeb2c05c37d9f10813fa0c,MANLEY HOT SPRINGS,YUKON KOYUKUK,yukon-koyukuk,manley-hot-springs,AK,Alaska,alaska
64aeb2c05c37d9f10813fa0d,MC GRATH,YUKON KOYUKUK,yukon-koyukuk,mc-grath,AK,Alaska,alaska
64aeb2c05c37d9f10813fa0e,MINTO,YUKON KOYUKUK,yukon-koyukuk,minto,AK,Alaska,alaska
64aeb2c05c37d9f10813fa0f,NENANA,YUKON KOYUKUK,yukon-koyukuk,nenana,AK,Alaska,alaska
64aeb2c05c37d9f10813fa10,NIKOLAI,YUKON KOYUKUK,yukon-koyukuk,nikolai,AK,Alaska,alaska
64aeb2c05c37d9f10813fa11,NULATO,YUKON KOYUKUK,yukon-koyukuk,nulato,AK,Alaska,alaska
64aeb2c05c37d9f10813fa12,RAMPART,YUKON KOYUKUK,yukon-koyukuk,rampart,AK,Alaska,alaska
64aeb2c05c37d9f10813fa13,RUBY,YUKON KOYUKUK,yukon-koyukuk,ruby,AK,Alaska,alaska
64aeb2c05c37d9f10813fa14,SHAGELUK,YUKON KOYUKUK,yukon-koyukuk,shageluk,AK,Alaska,alaska
64aeb2c05c37d9f10813fa15,STEVENS VILLAGE,YUKON KOYUKUK,yukon-koyukuk,stevens-village,AK,Alaska,alaska
64aeb2c05c37d9f10813fa16,TAKOTNA,YUKON KOYUKUK,yukon-koyukuk,takotna,AK,Alaska,alaska
64aeb2c05c37d9f10813fa32,STAPLETON,BALDWIN,baldwin,stapleton,AL,Alabama,alabama
64aeb2c05c37d9f10813fa49,MIDWAY,BULLOCK,bullock,midway,AL,Alabama,alabama
64aeb2c05c37d9f10813fa69,STANTON,CHILTON,chilton,stanton,AL,Alabama,alabama
64aeb2c05c37d9f10813fa6c,BUTLER,CHOCTAW,choctaw,butler,AL,Alabama,alabama
64aeb2c05c37d9f10813fa6d,GILBERTOWN,CHOCTAW,choctaw,gilbertown,AL,Alabama,alabama
64aeb2c05c37d9f10813fa6e,JACHIN,CHOCTAW,choctaw,jachin,AL,Alabama,alabama
64aeb2c05c37d9f10813fa6f,LISMAN,CHOCTAW,choctaw,lisman,AL,Alabama,alabama
64aeb2c05c37d9f10813fa70,MELVIN,CHOCTAW,choctaw,melvin,AL,Alabama,alabama
64aeb2c05c37d9f10813fa71,NEEDHAM,CHOCTAW,choctaw,needham,AL,Alabama,alabama
64aeb2c05c37d9f10813fa72,PENNINGTON,CHOCTAW,choctaw,pennington,AL,Alabama,alabama
64aeb2c05c37d9f10813fa73,SILAS,CHOCTAW,choctaw,silas,AL,Alabama,alabama
64aeb2c05c37d9f10813fa74,TOXEY,CHOCTAW,choctaw,toxey,AL,Alabama,alabama
64aeb2c05c37d9f10813fa75,WARD,CHOCTAW,choctaw,ward,AL,Alabama,alabama
64aeb2c05c37d9f10813fa76,CAMPBELL,CLARKE,clarke,campbell,AL,Alabama,alabama
64aeb2c05c37d9f10813fa77,CARLTON,CLARKE,clarke,carlton,AL,Alabama,alabama
64aeb2c05c37d9f10813fa78,COFFEEVILLE,CLARKE,clarke,coffeeville,AL,Alabama,alabama
64aeb2c05c37d9f10813fa79,DICKINSON,CLARKE,clarke,dickinson,AL,Alabama,alabama
64aeb2c05c37d9f10813fa7a,FULTON,CLARKE,clarke,fulton,AL,Alabama,alabama
64aeb2c05c37d9f10813fa7b,GAINESTOWN,CLARKE,clarke,gainestown,AL,Alabama,alabama
64aeb2c05c37d9f10813fa7c,GROVE HILL,CLARKE,clarke,grove-hill,AL,Alabama,alabama
64aeb2c05c37d9f10813fa7d,JACKSON,CLARKE,clarke,jackson,AL,Alabama,alabama
64aeb2c05c37d9f10813fa92,LEIGHTON,COLBERT,colbert,leighton,AL,Alabama,alabama
64aeb2c05c37d9f10813fa93,MUSCLE SHOALS,COLBERT,colbert,muscle-shoals,AL,Alabama,alabama
64aeb2c05c37d9f10813faad,HONORAVILLE,CRENSHAW,crenshaw,honoraville,AL,Alabama,alabama
64aeb2c05c37d9f10813fac7,SAFFORD,DALLAS,dallas,safford,AL,Alabama,alabama
64aeb2c05c37d9f10813fadf,WETUMPKA,ELMORE,elmore,wetumpka,AL,Alabama,alabama
64aeb2c05c37d9f10813faf4,SPRUCE PINE,FRANKLIN,franklin,spruce-pine,AL,Alabama,alabama
64aeb2c05c37d9f10813faf5,VINA,FRANKLIN,franklin,vina,AL,Alabama,alabama
64aeb2c05c37d9f10813faf6,BELLWOOD,GENEVA,geneva,bellwood,AL,Alabama,alabama
64aeb2c05c37d9f10813faf7,BLACK,GENEVA,geneva,black,AL,Alabama,alabama
64aeb2c05c37d9f10813fb0e,SHORTERVILLE,HENRY,henry,shorterville,AL,Alabama,alabama
64aeb2c05c37d9f10813fb12,COWARTS,HOUSTON,houston,cowarts,AL,Alabama,alabama
64aeb2c05c37d9f10813fb13,DOTHAN,HOUSTON,houston,dothan,AL,Alabama,alabama
64aeb2c05c37d9f10813fb14,GORDON,HOUSTON,houston,gordon,AL,Alabama,alabama
64aeb2c05c37d9f10813fb15,PANSEY,HOUSTON,houston,pansey,AL,Alabama,alabama
64aeb2c05c37d9f10813fb16,WEBB,HOUSTON,houston,webb,AL,Alabama,alabama
64aeb2c05c37d9f10813fb17,BRIDGEPORT,JACKSON,jackson,bridgeport,AL,Alabama,alabama
64aeb2c05c37d9f10813fb18,BRYANT,JACKSON,jackson,bryant,AL,Alabama,alabama
64aeb2c05c37d9f10813fb19,DUTTON,JACKSON,jackson,dutton,AL,Alabama,alabama
64aeb2c05c37d9f10813fb1a,ESTILLFORK,JACKSON,jackson,estillfork,AL,Alabama,alabama
64aeb2c05c37d9f10813fb1b,FACKLER,JACKSON,jackson,fackler,AL,Alabama,alabama
64aeb2c05c37d9f10813fb1c,FLAT ROCK,JACKSON,jackson,flat-rock,AL,Alabama,alabama
64aeb2c05c37d9f10813fb1d,HIGDON,JACKSON,jackson,higdon,AL,Alabama,alabama
64aeb2c05c37d9f10813fb1e,HOLLYTREE,JACKSON,jackson,hollytree,AL,Alabama,alabama
64aeb2c05c37d9f10813fb1f,HOLLYWOOD,JACKSON,jackson,hollywood,AL,Alabama,alabama
64aeb2c05c37d9f10813fb20,LANGSTON,JACKSON,jackson,langston,AL,Alabama,alabama
64aeb2c05c37d9f10813fb21,PAINT ROCK,JACKSON,jackson,paint-rock,AL,Alabama,alabama
64aeb2c05c37d9f10813fb22,PISGAH,JACKSON,jackson,pisgah,AL,Alabama,alabama
64aeb2c05c37d9f10813fb23,PRINCETON,JACKSON,jackson,princeton,AL,Alabama,alabama
64aeb2c05c37d9f10813fb24,SCOTTSBORO,JACKSON,jackson,scottsboro,AL,Alabama,alabama
64aeb2c05c37d9f10813fb4c,VERNON,LAMAR,lamar,vernon,AL,Alabama,alabama
64aeb2c05c37d9f10813fb61,VALLEY,LEE,lee,valley,AL,Alabama,alabama
64aeb2c05c37d9f10813fb62,WAVERLY,LEE,lee,waverly,AL,Alabama,alabama
64aeb2c05c37d9f10813fb63,ARDMORE,LIMESTONE,limestone,ardmore,AL,Alabama,alabama
64aeb2c05c37d9f10813fb64,ATHENS,LIMESTONE,limestone,athens,AL,Alabama,alabama
64aeb2c05c37d9f10813fb65,BELLE MINA,LIMESTONE,limestone,belle-mina,AL,Alabama,alabama
64aeb2c05c37d9f10813fb66,CAPSHAW,LIMESTONE,limestone,capshaw,AL,Alabama,alabama
64aeb2c05c37d9f10813fb67,ELKMONT,LIMESTONE,limestone,elkmont,AL,Alabama,alabama
64aeb2c05c37d9f10813fb68,LESTER,LIMESTONE,limestone,lester,AL,Alabama,alabama
64aeb2c05c37d9f10813fb85,DIXONS MILLS,MARENGO,marengo,dixons-mills,AL,Alabama,alabama
64aeb2c05c37d9f10813fbae,THEODORE,MOBILE,mobile,theodore,AL,Alabama,alabama
64aeb2c05c37d9f10813fbd1,ALICEVILLE,PICKENS,pickens,aliceville,AL,Alabama,alabama
64aeb2c05c37d9f10813fbe6,PITTSVIEW,RUSSELL,russell,pittsview,AL,Alabama,alabama
64aeb2c05c37d9f10813fbe7,SEALE,RUSSELL,russell,seale,AL,Alabama,alabama
64aeb2c05c37d9f10813fbe8,ASHVILLE,SAINT CLAIR,saint-clair,ashville,AL,Alabama,alabama
64aeb2c05c37d9f10813fbe9,COOK SPRINGS,SAINT CLAIR,saint-clair,cook-springs,AL,Alabama,alabama
64aeb2c05c37d9f10813fbed,ODENVILLE,SAINT CLAIR,saint-clair,odenville,AL,Alabama,alabama
64aeb2c05c37d9f10813fbee,PELL CITY,SAINT CLAIR,saint-clair,pell-city,AL,Alabama,alabama
64aeb2c05c37d9f10813fbef,RAGLAND,SAINT CLAIR,saint-clair,ragland,AL,Alabama,alabama
64aeb2c05c37d9f10813fbf0,RIVERSIDE,SAINT CLAIR,saint-clair,riverside,AL,Alabama,alabama
64aeb2c05c37d9f10813fbf1,SPRINGVILLE,SAINT CLAIR,saint-clair,springville,AL,Alabama,alabama
64aeb2c05c37d9f10813fbf2,STEELE,SAINT CLAIR,saint-clair,steele,AL,Alabama,alabama
64aeb2c05c37d9f10813fbf3,WATTSVILLE,SAINT CLAIR,saint-clair,wattsville,AL,Alabama,alabama
64aeb2c05c37d9f10813fc02,VANDIVER,SHELBY,shelby,vandiver,AL,Alabama,alabama
64aeb2c05c37d9f10813fc03,VINCENT,SHELBY,shelby,vincent,AL,Alabama,alabama
64aeb2c05c37d9f10813fc04,WESTOVER,SHELBY,shelby,westover,AL,Alabama,alabama
64aeb2c05c37d9f10813fc05,WILSONVILLE,SHELBY,shelby,wilsonville,AL,Alabama,alabama
64aeb2c05c37d9f10813fc06,WILTON,SHELBY,shelby,wilton,AL,Alabama,alabama
64aeb2c05c37d9f10813fc07,BELLAMY,SUMTER,sumter,bellamy,AL,Alabama,alabama
64aeb2c05c37d9f10813fc08,CUBA,SUMTER,sumter,cuba,AL,Alabama,alabama
64aeb2c05c37d9f10813fc09,EMELLE,SUMTER,sumter,emelle,AL,Alabama,alabama
64aeb2c05c37d9f10813fc0a,EPES,SUMTER,sumter,epes,AL,Alabama,alabama
64aeb2c05c37d9f10813fc0b,GAINESVILLE,SUMTER,sumter,gainesville,AL,Alabama,alabama
64aeb2c05c37d9f10813fc0c,LIVINGSTON,SUMTER,sumter,livingston,AL,Alabama,alabama
64aeb2c05c37d9f10813fc0d,PANOLA,SUMTER,sumter,panola,AL,Alabama,alabama
64aeb2c05c37d9f10813fc0f,ALPINE,TALLADEGA,talladega,alpine,AL,Alabama,alabama
64aeb2c05c37d9f10813fc11,CHILDERSBURG,TALLADEGA,talladega,childersburg,AL,Alabama,alabama
64aeb2c05c37d9f10813fc13,MUNFORD,TALLADEGA,talladega,munford,AL,Alabama,alabama
64aeb2c05c37d9f10813fc17,ALEXANDER CITY,TALLAPOOSA,tallapoosa,alexander-city,AL,Alabama,alabama
64aeb2c05c37d9f10813fc18,CAMP HILL,TALLAPOOSA,tallapoosa,camp-hill,AL,Alabama,alabama
64aeb2c05c37d9f10813fc19,DADEVILLE,TALLAPOOSA,tallapoosa,dadeville,AL,Alabama,alabama
64aeb2c05c37d9f10813fc1a,DAVISTON,TALLAPOOSA,tallapoosa,daviston,AL,Alabama,alabama
64aeb2c05c37d9f10813fc1b,EAST TALLASSEE,TALLAPOOSA,tallapoosa,east-tallassee,AL,Alabama,alabama
64aeb2c05c37d9f10813fc1c,JACKSONS GAP,TALLAPOOSA,tallapoosa,jacksons-gap,AL,Alabama,alabama
64aeb2c05c37d9f10813fc1d,ABERNANT,TUSCALOOSA,tuscaloosa,abernant,AL,Alabama,alabama
64aeb2c05c37d9f10813fc1e,BROOKWOOD,TUSCALOOSA,tuscaloosa,brookwood,AL,Alabama,alabama
64aeb2c05c37d9f10813fc1f,BUHL,TUSCALOOSA,tuscaloosa,buhl,AL,Alabama,alabama
64aeb2c05c37d9f10813fc20,COALING,TUSCALOOSA,tuscaloosa,coaling,AL,Alabama,alabama
64aeb2c05c37d9f10813fc21,COKER,TUSCALOOSA,tuscaloosa,coker,AL,Alabama,alabama
64aeb2c05c37d9f10813fc22,COTTONDALE,TUSCALOOSA,tuscaloosa,cottondale,AL,Alabama,alabama
64aeb2c05c37d9f10813fc23,DUNCANVILLE,TUSCALOOSA,tuscaloosa,duncanville,AL,Alabama,alabama
64aeb2c05c37d9f10813fc24,ECHOLA,TUSCALOOSA,tuscaloosa,echola,AL,Alabama,alabama
64aeb2c05c37d9f10813fc25,ELROD,TUSCALOOSA,tuscaloosa,elrod,AL,Alabama,alabama
64aeb2c05c37d9f10813fc26,FOSTERS,TUSCALOOSA,tuscaloosa,fosters,AL,Alabama,alabama
64aeb2c05c37d9f10813fc27,KELLERMAN,TUSCALOOSA,tuscaloosa,kellerman,AL,Alabama,alabama
64aeb2c05c37d9f10813fc28,NORTHPORT,TUSCALOOSA,tuscaloosa,northport,AL,Alabama,alabama
64aeb2c05c37d9f10813fc29,PETERSON,TUSCALOOSA,tuscaloosa,peterson,AL,Alabama,alabama
64aeb2c05c37d9f10813fc2a,RALPH,TUSCALOOSA,tuscaloosa,ralph,AL,Alabama,alabama
64aeb2c05c37d9f10813fc2b,SAMANTHA,TUSCALOOSA,tuscaloosa,samantha,AL,Alabama,alabama
64aeb2c05c37d9f10813fc2c,TUSCALOOSA,TUSCALOOSA,tuscaloosa,tuscaloosa,AL,Alabama,alabama
64aeb2c05c37d9f10813fc2d,VANCE,TUSCALOOSA,tuscaloosa,vance,AL,Alabama,alabama
64aeb2c05c37d9f10813fc2e,BURNWELL,WALKER,walker,burnwell,AL,Alabama,alabama
64aeb2c05c37d9f10813fc2f,CARBON HILL,WALKER,walker,carbon-hill,AL,Alabama,alabama
64aeb2c05c37d9f10813fc30,CORDOVA,WALKER,walker,cordova,AL,Alabama,alabama
64aeb2c05c37d9f10813fc31,ELDRIDGE,WALKER,walker,eldridge,AL,Alabama,alabama
64aeb2c05c37d9f10813fc32,EMPIRE,WALKER,walker,empire,AL,Alabama,alabama
64aeb2c05c37d9f10813fc33,GOODSPRINGS,WALKER,walker,goodsprings,AL,Alabama,alabama
64aeb2c05c37d9f10813fc34,JASPER,WALKER,walker,jasper,AL,Alabama,alabama
64aeb2c05c37d9f10813fc35,KANSAS,WALKER,walker,kansas,AL,Alabama,alabama
64aeb2c05c37d9f10813fc36,NAUVOO,WALKER,walker,nauvoo,AL,Alabama,alabama
64aeb2c05c37d9f10813fc37,OAKMAN,WALKER,walker,oakman,AL,Alabama,alabama
64aeb2c05c37d9f10813fc38,PARRISH,WALKER,walker,parrish,AL,Alabama,alabama
64aeb2c05c37d9f10813fc39,QUINTON,WALKER,walker,quinton,AL,Alabama,alabama
64aeb2c05c37d9f10813fc3a,SIPSEY,WALKER,walker,sipsey,AL,Alabama,alabama
64aeb2c05c37d9f10813fc3b,SUMITON,WALKER,walker,sumiton,AL,Alabama,alabama
64aeb2c05c37d9f10813fc3f,DEER PARK,WASHINGTON,washington,deer-park,AL,Alabama,alabama
64aeb2c05c37d9f10813fc43,MALCOLM,WASHINGTON,washington,malcolm,AL,Alabama,alabama
64aeb2c05c37d9f10813fc44,MC INTOSH,WASHINGTON,washington,mc-intosh,AL,Alabama,alabama
64aeb2c05c37d9f10813fc45,MILLRY,WASHINGTON,washington,millry,AL,Alabama,alabama
64aeb2c05c37d9f10813fc46,SAINT STEPHENS,WASHINGTON,washington,saint-stephens,AL,Alabama,alabama
64aeb2c05c37d9f10813fc47,SUNFLOWER,WASHINGTON,washington,sunflower,AL,Alabama,alabama
64aeb2c05c37d9f10813fc48,TIBBIE,WASHINGTON,washington,tibbie,AL,Alabama,alabama
64aeb2c05c37d9f10813fc49,VINEGAR BEND,WASHINGTON,washington,vinegar-bend,AL,Alabama,alabama
64aeb2c05c37d9f10813fc4a,WAGARVILLE,WASHINGTON,washington,wagarville,AL,Alabama,alabama
64aeb2c05c37d9f10813fc4b,ALBERTA,WILCOX,wilcox,alberta,AL,Alabama,alabama
64aeb2c05c37d9f10813fc4c,ANNEMANIE,WILCOX,wilcox,annemanie,AL,Alabama,alabama
64aeb2c05c37d9f10813fc4d,ARLINGTON,WILCOX,wilcox,arlington,AL,Alabama,alabama
64aeb2c05c37d9f10813fc4e,BOYKIN,WILCOX,wilcox,boykin,AL,Alabama,alabama
64aeb2c05c37d9f10813fc4f,CAMDEN,WILCOX,wilcox,camden,AL,Alabama,alabama
64aeb2c05c37d9f10813fc50,CATHERINE,WILCOX,wilcox,catherine,AL,Alabama,alabama
64aeb2c05c37d9f10813fc51,COY,WILCOX,wilcox,coy,AL,Alabama,alabama
64aeb2c05c37d9f10813fc52,FURMAN,WILCOX,wilcox,furman,AL,Alabama,alabama
64aeb2c05c37d9f10813fc53,LOWER PEACH TREE,WILCOX,wilcox,lower-peach-tree,AL,Alabama,alabama
64aeb2c05c37d9f10813fc54,MC WILLIAMS,WILCOX,wilcox,mc-williams,AL,Alabama,alabama
64aeb2c05c37d9f10813fc55,OAK HILL,WILCOX,wilcox,oak-hill,AL,Alabama,alabama
64aeb2c05c37d9f10813fc77,GASSVILLE,BAXTER,baxter,gassville,AR,Arkansas,arkansas
64aeb2c05c37d9f10813fc99,WARREN,BRADLEY,bradley,warren,AR,Arkansas,arkansas
64aeb2c05c37d9f10813fc9a,HAMPTON,CALHOUN,calhoun,hampton,AR,Arkansas,arkansas
64aeb2c05c37d9f10813fc9b,HARRELL,CALHOUN,calhoun,harrell,AR,Arkansas,arkansas
64aeb2c05c37d9f10813fc9c,THORNTON,CALHOUN,calhoun,thornton,AR,Arkansas,arkansas
64aeb2c05c37d9f10813fc9d,BEAVER,CARROLL,carroll,beaver,AR,Arkansas,arkansas
64aeb2c05c37d9f10813fc9e,BERRYVILLE,CARROLL,carroll,berryville,AR,Arkansas,arkansas
64aeb2c05c37d9f10813fc9f,EUREKA SPRINGS,CARROLL,carroll,eureka-springs,AR,Arkansas,arkansas
64aeb2c05c37d9f10813fca0,GREEN FOREST,CARROLL,carroll,green-forest,AR,Arkansas,arkansas
64aeb2c05c37d9f10813fca1,OAK GROVE,CARROLL,carroll,oak-grove,AR,Arkansas,arkansas
64aeb2c05c37d9f10813fca2,DERMOTT,CHICOT,chicot,dermott,AR,Arkansas,arkansas
64aeb2c05c37d9f10813fca3,EUDORA,CHICOT,chicot,eudora,AR,Arkansas,arkansas
64aeb2c05c37d9f10813fca4,LAKE VILLAGE,CHICOT,chicot,lake-village,AR,Arkansas,arkansas
64aeb2c05c37d9f10813fca5,ALPINE,CLARK,clark,alpine,AR,Arkansas,arkansas
64aeb2c05c37d9f10813fca6,AMITY,CLARK,clark,amity,AR,Arkansas,arkansas
64aeb2c05c37d9f10813fca7,ARKADELPHIA,CLARK,clark,arkadelphia,AR,Arkansas,arkansas
64aeb2c05c37d9f10813fca8,BEIRNE,CLARK,clark,beirne,AR,Arkansas,arkansas
64aeb2c05c37d9f10813fca9,CURTIS,CLARK,clark,curtis,AR,Arkansas,arkansas
64aeb2c05c37d9f10813fcaa,GURDON,CLARK,clark,gurdon,AR,Arkansas,arkansas
64aeb2c05c37d9f10813fcab,OKOLONA,CLARK,clark,okolona,AR,Arkansas,arkansas
64aeb2c05c37d9f10813fcac,WHELEN SPRINGS,CLARK,clark,whelen-springs,AR,Arkansas,arkansas
64aeb2c05c37d9f10813fcad,CORNING,CLAY,clay,corning,AR,Arkansas,arkansas
64aeb2c05c37d9f10813fcae,DATTO,CLAY,clay,datto,AR,Arkansas,arkansas
64aeb2c05c37d9f10813fcaf,GREENWAY,CLAY,clay,greenway,AR,Arkansas,arkansas
64aeb2c05c37d9f10813fcb0,KNOBEL,CLAY,clay,knobel,AR,Arkansas,arkansas
64aeb2c05c37d9f10813fcb1,MC DOUGAL,CLAY,clay,mc-dougal,AR,Arkansas,arkansas
64aeb2c05c37d9f10813fcb2,PEACH ORCHARD,CLAY,clay,peach-orchard,AR,Arkansas,arkansas
64aeb2c05c37d9f10813fcb3,PIGGOTT,CLAY,clay,piggott,AR,Arkansas,arkansas
64aeb2c05c37d9f10813fcb4,POLLARD,CLAY,clay,pollard,AR,Arkansas,arkansas
64aeb2c05c37d9f10813fcb5,RECTOR,CLAY,clay,rector,AR,Arkansas,arkansas
64aeb2c05c37d9f10813fcb6,SAINT FRANCIS,CLAY,clay,saint-francis,AR,Arkansas,arkansas
64aeb2c05c37d9f10813fcb7,SUCCESS,CLAY,clay,success,AR,Arkansas,arkansas
64aeb2c05c37d9f10813fcb8,CONCORD,CLEBURNE,cleburne,concord,AR,Arkansas,arkansas
64aeb2c05c37d9f10813fcb9,DRASCO,CLEBURNE,cleburne,drasco,AR,Arkansas,arkansas
64aeb2c05c37d9f10813fcba,EDGEMONT,CLEBURNE,cleburne,edgemont,AR,Arkansas,arkansas
64aeb2c05c37d9f10813fcbb,HEBER SPRINGS,CLEBURNE,cleburne,heber-springs,AR,Arkansas,arkansas
64aeb2c05c37d9f10813fcbc,HIGDEN,CLEBURNE,cleburne,higden,AR,Arkansas,arkansas
64aeb2c05c37d9f10813fcbd,IDA,CLEBURNE,cleburne,ida,AR,Arkansas,arkansas
64aeb2c05c37d9f10813fcc1,WILBURN,CLEBURNE,cleburne,wilburn,AR,Arkansas,arkansas
64aeb2c05c37d9f10813fcd7,CARAWAY,CRAIGHEAD,craighead,caraway,AR,Arkansas,arkansas
64aeb2c05c37d9f10813fcda,JONESBORO,CRAIGHEAD,craighead,jonesboro,AR,Arkansas,arkansas
64aeb2c05c37d9f10813fce8,CLARKEDALE,CRITTENDEN,crittenden,clarkedale,AR,Arkansas,arkansas
64aeb2c05c37d9f10813fce9,CRAWFORDSVILLE,CRITTENDEN,crittenden,crawfordsville,AR,Arkansas,arkansas
64aeb2c05c37d9f10813fcea,EARLE,CRITTENDEN,crittenden,earle,AR,Arkansas,arkansas
64aeb2c05c37d9f10813fd0b,VILONIA,FAULKNER,faulkner,vilonia,AR,Arkansas,arkansas
64aeb2c05c37d9f10813fd0d,ALIX,FRANKLIN,franklin,alix,AR,Arkansas,arkansas
64aeb2c05c37d9f10813fd0f,BRANCH,FRANKLIN,franklin,branch,AR,Arkansas,arkansas
64aeb2c05c37d9f10813fd11,CHARLESTON,FRANKLIN,franklin,charleston,AR,Arkansas,arkansas
64aeb2c05c37d9f10813fd26,PRATTSVILLE,GRANT,grant,prattsville,AR,Arkansas,arkansas
64aeb2c05c37d9f10813fd27,SHERIDAN,GRANT,grant,sheridan,AR,Arkansas,arkansas
64aeb2c05c37d9f10813fd28,BEECH GROVE,GREENE,greene,beech-grove,AR,Arkansas,arkansas
64aeb2c05c37d9f10813fd29,DELAPLAINE,GREENE,greene,delaplaine,AR,Arkansas,arkansas
64aeb2c05c37d9f10813fd2a,LAFE,GREENE,greene,lafe,AR,Arkansas,arkansas
64aeb2c05c37d9f10813fd2b,MARMADUKE,GREENE,greene,marmaduke,AR,Arkansas,arkansas
64aeb2c05c37d9f10813fd2c,PARAGOULD,GREENE,greene,paragould,AR,Arkansas,arkansas
64aeb2c05c37d9f10813fd2d,WALCOTT,GREENE,greene,walcott,AR,Arkansas,arkansas
64aeb2c05c37d9f10813fd2e,BLEVINS,HEMPSTEAD,hempstead,blevins,AR,Arkansas,arkansas
64aeb2c05c37d9f10813fd2f,COLUMBUS,HEMPSTEAD,hempstead,columbus,AR,Arkansas,arkansas
64aeb2c05c37d9f10813fd30,FULTON,HEMPSTEAD,hempstead,fulton,AR,Arkansas,arkansas
64aeb2c05c37d9f10813fd31,HOPE,HEMPSTEAD,hempstead,hope,AR,Arkansas,arkansas
64aeb2c05c37d9f10813fd32,MC CASKILL,HEMPSTEAD,hempstead,mc-caskill,AR,Arkansas,arkansas
64aeb2c05c37d9f10813fd4e,THIDA,INDEPENDENCE,independence,thida,AR,Arkansas,arkansas
64aeb2c05c37d9f10813fd52,FRANKLIN,IZARD,izard,franklin,AR,Arkansas,arkansas
64aeb2c05c37d9f10813fd56,MOUNT PLEASANT,IZARD,izard,mount-pleasant,AR,Arkansas,arkansas
64aeb2c05c37d9f10813fd6b,REDFIELD,JEFFERSON,jefferson,redfield,AR,Arkansas,arkansas
64aeb2c05c37d9f10813fd6c,REYDELL,JEFFERSON,jefferson,reydell,AR,Arkansas,arkansas
64aeb2c05c37d9f10813fd6d,SHERRILL,JEFFERSON,jefferson,sherrill,AR,Arkansas,arkansas
64aeb2c05c37d9f10813fd71,WRIGHT,JEFFERSON,jefferson,wright,AR,Arkansas,arkansas
64aeb2c05c37d9f10813fd94,STAR CITY,LINCOLN,lincoln,star-city,AR,Arkansas,arkansas
64aeb2c05c37d9f10813fd9d,BOONEVILLE,LOGAN,logan,booneville,AR,Arkansas,arkansas
64aeb2c05c37d9f10813fdb9,PEEL,MARION,marion,peel,AR,Arkansas,arkansas
64aeb2c05c37d9f10813fdce,LEACHVILLE,MISSISSIPPI,mississippi,leachville,AR,Arkansas,arkansas
64aeb2c05c37d9f10813fdcf,LUXORA,MISSISSIPPI,mississippi,luxora,AR,Arkansas,arkansas
64aeb2c05c37d9f10813fdd0,MANILA,MISSISSIPPI,mississippi,manila,AR,Arkansas,arkansas
64aeb2c05c37d9f10813fdd1,OSCEOLA,MISSISSIPPI,mississippi,osceola,AR,Arkansas,arkansas
64aeb2c05c37d9f10813fdd2,WEST RIDGE,MISSISSIPPI,mississippi,west-ridge,AR,Arkansas,arkansas
64aeb2c05c37d9f10813fdd3,WILSON,MISSISSIPPI,mississippi,wilson,AR,Arkansas,arkansas
64aeb2c05c37d9f10813fdd4,BRINKLEY,MONROE,monroe,brinkley,AR,Arkansas,arkansas
64aeb2c05c37d9f10813fdd5,CLARENDON,MONROE,monroe,clarendon,AR,Arkansas,arkansas
64aeb2c05c37d9f10813fdd6,HOLLY GROVE,MONROE,monroe,holly-grove,AR,Arkansas,arkansas
64aeb2c05c37d9f10813fdd7,MONROE,MONROE,monroe,monroe,AR,Arkansas,arkansas
64aeb2c05c37d9f10813fded,PELSOR,NEWTON,newton,pelsor,AR,Arkansas,arkansas
64aeb2c05c37d9f10813fdef,VENDOR,NEWTON,newton,vendor,AR,Arkansas,arkansas
64aeb2c05c37d9f10813fdf1,BEARDEN,OUACHITA,ouachita,bearden,AR,Arkansas,arkansas
64aeb2c05c37d9f10813fdf3,CHIDESTER,OUACHITA,ouachita,chidester,AR,Arkansas,arkansas
64aeb2c05c37d9f10813fdf5,STEPHENS,OUACHITA,ouachita,stephens,AR,Arkansas,arkansas
64aeb2c05c37d9f10813fdf7,BIGELOW,PERRY,perry,bigelow,AR,Arkansas,arkansas
64aeb2c05c37d9f10813fdf9,HOUSTON,PERRY,perry,houston,AR,Arkansas,arkansas
64aeb2c05c37d9f10813fdfb,PERRYVILLE,PERRY,perry,perryville,AR,Arkansas,arkansas
64aeb2c05c37d9f10813fdfd,CRUMROD,PHILLIPS,phillips,crumrod,AR,Arkansas,arkansas
64aeb2c05c37d9f10813fe26,TILLY,POPE,pope,tilly,AR,Arkansas,arkansas
64aeb2c05c37d9f10813fe4a,ALEXANDER,SALINE,saline,alexander,AR,Arkansas,arkansas
64aeb2c05c37d9f10813fe4e,HENSLEY,SALINE,saline,hensley,AR,Arkansas,arkansas
64aeb2c05c37d9f10813fe4f,MABELVALE,SALINE,saline,mabelvale,AR,Arkansas,arkansas
64aeb2c05c37d9f10813fe50,PARON,SALINE,saline,paron,AR,Arkansas,arkansas
64aeb2c05c37d9f10813fe51,TRASKWOOD,SALINE,saline,traskwood,AR,Arkansas,arkansas
64aeb2c05c37d9f10813fe52,BOLES,SCOTT,scott,boles,AR,Arkansas,arkansas
64aeb2c05c37d9f10813fe53,HARVEY,SCOTT,scott,harvey,AR,Arkansas,arkansas
64aeb2c05c37d9f10813fe54,MANSFIELD,SCOTT,scott,mansfield,AR,Arkansas,arkansas
64aeb2c05c37d9f10813fe55,PARKS,SCOTT,scott,parks,AR,Arkansas,arkansas
64aeb2c05c37d9f10813fe56,WALDRON,SCOTT,scott,waldron,AR,Arkansas,arkansas
64aeb2c05c37d9f10813fe57,GILBERT,SEARCY,searcy,gilbert,AR,Arkansas,arkansas
64aeb2c05c37d9f10813fe58,HARRIET,SEARCY,searcy,harriet,AR,Arkansas,arkansas
64aeb2c05c37d9f10813fe59,LESLIE,SEARCY,searcy,leslie,AR,Arkansas,arkansas
64aeb2c05c37d9f10813fe5a,MARSHALL,SEARCY,searcy,marshall,AR,Arkansas,arkansas
64aeb2c05c37d9f10813fe5b,PINDALL,SEARCY,searcy,pindall,AR,Arkansas,arkansas
64aeb2c05c37d9f10813fe5c,SAINT JOE,SEARCY,searcy,saint-joe,AR,Arkansas,arkansas
64aeb2c05c37d9f10813fe5d,WITTS SPRINGS,SEARCY,searcy,witts-springs,AR,Arkansas,arkansas
64aeb2c05c37d9f10813fe5e,BARLING,SEBASTIAN,sebastian,barling,AR,Arkansas,arkansas
64aeb2c05c37d9f10813fe5f,FORT SMITH,SEBASTIAN,sebastian,fort-smith,AR,Arkansas,arkansas
64aeb2c05c37d9f10813fe60,GREENWOOD,SEBASTIAN,sebastian,greenwood,AR,Arkansas,arkansas
64aeb2c05c37d9f10813fe8c,ELKINS,WASHINGTON,washington,elkins,AR,Arkansas,arkansas
64aeb2c05c37d9f10813fea3,JUDSONIA,WHITE,white,judsonia,AR,Arkansas,arkansas
64aeb2c05c37d9f10813fea4,KENSETT,WHITE,white,kensett,AR,Arkansas,arkansas
64aeb2c05c37d9f10813fea6,MC RAE,WHITE,white,mc-rae,AR,Arkansas,arkansas
64aeb2c05c37d9f10813fea8,ROMANCE,WHITE,white,romance,AR,Arkansas,arkansas
64aeb2c05c37d9f10813feaa,RUSSELL,WHITE,white,russell,AR,Arkansas,arkansas
64aeb2c05c37d9f10813feac,WEST POINT,WHITE,white,west-point,AR,Arkansas,arkansas
64aeb2c05c37d9f10813feae,COTTON PLANT,WOODRUFF,woodruff,cotton-plant,AR,Arkansas,arkansas
64aeb2c05c37d9f10813feb0,HUNTER,WOODRUFF,woodruff,hunter,AR,Arkansas,arkansas
64aeb2c05c37d9f10813feb2,PATTERSON,WOODRUFF,woodruff,patterson,AR,Arkansas,arkansas
64aeb2c05c37d9f10813fed8,TSAILE,APACHE,apache,tsaile,AZ,Arizona,arizona
64aeb2c05c37d9f10813feed,TOMBSTONE,COCHISE,cochise,tombstone,AZ,Arizona,arizona
64aeb2c05c37d9f10813feee,WILLCOX,COCHISE,cochise,willcox,AZ,Arizona,arizona
64aeb2c05c37d9f10813feef,BELLEMONT,COCONINO,coconino,bellemont,AZ,Arizona,arizona
64aeb2c05c37d9f10813fef3,FREDONIA,COCONINO,coconino,fredonia,AZ,Arizona,arizona
64aeb2c05c37d9f10813ff08,PAYSON,GILA,gila,payson,AZ,Arizona,arizona
64aeb2c05c37d9f10813ff09,PERIDOT,GILA,gila,peridot,AZ,Arizona,arizona
64aeb2c05c37d9f10813ff0a,PINE,GILA,gila,pine,AZ,Arizona,arizona
64aeb2c05c37d9f10813ff0b,ROOSEVELT,GILA,gila,roosevelt,AZ,Arizona,arizona
64aeb2c05c37d9f10813ff0c,SAN CARLOS,GILA,gila,san-carlos,AZ,Arizona,arizona
64aeb2c05c37d9f10813ff0d,TONTO BASIN,GILA,gila,tonto-basin,AZ,Arizona,arizona
64aeb2c05c37d9f10813ff0e,WINKELMAN,GILA,gila,winkelman,AZ,Arizona,arizona
64aeb2c05c37d9f10813ff0f,YOUNG,GILA,gila,young,AZ,Arizona,arizona
64aeb2c05c37d9f10813ff10,BYLAS,GRAHAM,graham,bylas,AZ,Arizona,arizona
64aeb2c05c37d9f10813ff11,CENTRAL,GRAHAM,graham,central,AZ,Arizona,arizona
64aeb2c05c37d9f10813ff12,EDEN,GRAHAM,graham,eden,AZ,Arizona,arizona
64aeb2c05c37d9f10813ff13,FORT THOMAS,GRAHAM,graham,fort-thomas,AZ,Arizona,arizona
64aeb2c05c37d9f10813ff17,THATCHER,GRAHAM,graham,thatcher,AZ,Arizona,arizona
64aeb2c05c37d9f10813ff18,BLUE,GREENLEE,greenlee,blue,AZ,Arizona,arizona
64aeb2c05c37d9f10813ff19,CLIFTON,GREENLEE,greenlee,clifton,AZ,Arizona,arizona
64aeb2c05c37d9f10813ff1a,DUNCAN,GREENLEE,greenlee,duncan,AZ,Arizona,arizona
64aeb2c05c37d9f10813ff1b,MORENCI,GREENLEE,greenlee,morenci,AZ,Arizona,arizona
64aeb2c05c37d9f10813ff1c,BOUSE,LA PAZ,la-paz,bouse,AZ,Arizona,arizona
64aeb2c05c37d9f10813ff1d,CIBOLA,LA PAZ,la-paz,cibola,AZ,Arizona,arizona
64aeb2c05c37d9f10813ff1e,EHRENBERG,LA PAZ,la-paz,ehrenberg,AZ,Arizona,arizona
64aeb2c05c37d9f10813ff1f,PARKER,LA PAZ,la-paz,parker,AZ,Arizona,arizona
64aeb2c05c37d9f10813ff20,POSTON,LA PAZ,la-paz,poston,AZ,Arizona,arizona
64aeb2c05c37d9f10813ff21,QUARTZSITE,LA PAZ,la-paz,quartzsite,AZ,Arizona,arizona
64aeb2c05c37d9f10813ff22,SALOME,LA PAZ,la-paz,salome,AZ,Arizona,arizona
64aeb2c05c37d9f10813ff23,WENDEN,LA PAZ,la-paz,wenden,AZ,Arizona,arizona
64aeb2c05c37d9f10813ff24,AGUILA,MARICOPA,maricopa,aguila,AZ,Arizona,arizona
64aeb2c05c37d9f10813ff25,ARLINGTON,MARICOPA,maricopa,arlington,AZ,Arizona,arizona
64aeb2c05c37d9f10813ff26,AVONDALE,MARICOPA,maricopa,avondale,AZ,Arizona,arizona
64aeb2c05c37d9f10813ff27,BUCKEYE,MARICOPA,maricopa,buckeye,AZ,Arizona,arizona
64aeb2c05c37d9f10813ff28,CAREFREE,MARICOPA,maricopa,carefree,AZ,Arizona,arizona
64aeb2c05c37d9f10813ff29,CASHION,MARICOPA,maricopa,cashion,AZ,Arizona,arizona
64aeb2c05c37d9f10813ff2a,CAVE CREEK,MARICOPA,maricopa,cave-creek,AZ,Arizona,arizona
64aeb2c05c37d9f10813ff2c,CHANDLER HEIGHTS,MARICOPA,maricopa,chandler-heights,AZ,Arizona,arizona
64aeb2c05c37d9f10813ff2e,FORT MCDOWELL,MARICOPA,maricopa,fort-mcdowell,AZ,Arizona,arizona
64aeb2c05c37d9f10813ff30,GILA BEND,MARICOPA,maricopa,gila-bend,AZ,Arizona,arizona
64aeb2c05c37d9f10813ff32,GLENDALE,MARICOPA,maricopa,glendale,AZ,Arizona,arizona
64aeb2c05c37d9f10813ff34,HIGLEY,MARICOPA,maricopa,higley,AZ,Arizona,arizona
64aeb2c05c37d9f10813ff36,LITCHFIELD PARK,MARICOPA,maricopa,litchfield-park,AZ,Arizona,arizona
64aeb2c05c37d9f10813ff37,LUKE AIR FORCE BASE,MARICOPA,maricopa,luke-air-force-base,AZ,Arizona,arizona
64aeb2c05c37d9f10813ff38,MESA,MARICOPA,maricopa,mesa,AZ,Arizona,arizona
64aeb2c05c37d9f10813ff39,MORRISTOWN,MARICOPA,maricopa,morristown,AZ,Arizona,arizona
64aeb2c05c37d9f10813ff3a,NEW RIVER,MARICOPA,maricopa,new-river,AZ,Arizona,arizona
64aeb2c05c37d9f10813ff3b,PALO VERDE,MARICOPA,maricopa,palo-verde,AZ,Arizona,arizona
64aeb2c05c37d9f10813ff3f,QUEEN CREEK,MARICOPA,maricopa,queen-creek,AZ,Arizona,arizona
64aeb2c05c37d9f10813ff65,FORT APACHE,NAVAJO,navajo,fort-apache,AZ,Arizona,arizona
64aeb2c05c37d9f10813ff8a,TOPAWA,PIMA,pima,topawa,AZ,Arizona,arizona
64aeb2c05c37d9f10813ffab,BLACK CANYON CITY,YAVAPAI,yavapai,black-canyon-city,AZ,Arizona,arizona
64aeb2c05c37d9f10813ffd7,SAN LORENZO,ALAMEDA,alameda,san-lorenzo,CA,California,california
64aeb2c05c37d9f10813ffd8,SUNOL,ALAMEDA,alameda,sunol,CA,California,california
64aeb2c05c37d9f10813ffd9,UNION CITY,ALAMEDA,alameda,union-city,CA,California,california
64aeb2c05c37d9f10813ffda,KIRKWOOD,ALPINE,alpine,kirkwood,CA,California,california
64aeb2c05c37d9f10813ffdb,MARKLEEVILLE,ALPINE,alpine,markleeville,CA,California,california
64aeb2c05c37d9f10813ffdc,AMADOR CITY,AMADOR,amador,amador-city,CA,California,california
64aeb2c05c37d9f10813ffdd,DRYTOWN,AMADOR,amador,drytown,CA,California,california
64aeb2c05c37d9f10813ffde,FIDDLETOWN,AMADOR,amador,fiddletown,CA,California,california
64aeb2c05c37d9f10813ffdf,IONE,AMADOR,amador,ione,CA,California,california
64aeb2c05c37d9f10813ffe0,JACKSON,AMADOR,amador,jackson,CA,California,california
64aeb2c05c37d9f10813ffe1,KIT CARSON,AMADOR,amador,kit-carson,CA,California,california
64aeb2c05c37d9f10813ffe2,MARTELL,AMADOR,amador,martell,CA,California,california
64aeb2c05c37d9f10813ffe3,PINE GROVE,AMADOR,amador,pine-grove,CA,California,california
64aeb2c05c37d9f10813ffe4,PIONEER,AMADOR,amador,pioneer,CA,California,california
64aeb2c05c37d9f10813ffe5,PLYMOUTH,AMADOR,amador,plymouth,CA,California,california
64aeb2c05c37d9f10813ffe6,RIVER PINES,AMADOR,amador,river-pines,CA,California,california
64aeb2c05c37d9f10813ffe7,SUTTER CREEK,AMADOR,amador,sutter-creek,CA,California,california
64aeb2c05c37d9f10813ffe8,VOLCANO,AMADOR,amador,volcano,CA,California,california
64aeb2c05c37d9f10813ffe9,BANGOR,BUTTE,butte,bangor,CA,California,california
64aeb2c05c37d9f10813fff8,RICHVALE,BUTTE,butte,richvale,CA,California,california
64aeb2c05c37d9f10814001e,DANVILLE,CONTRA COSTA,contra-costa,danville,CA,California,california
64aeb2c05c37d9f108140033,CRESCENT CITY,DEL NORTE,del-norte,crescent-city,CA,California,california
64aeb2c05c37d9f108140034,FORT DICK,DEL NORTE,del-norte,fort-dick,CA,California,california
64aeb2c05c37d9f108140035,GASQUET,DEL NORTE,del-norte,gasquet,CA,California,california
64aeb2c05c37d9f108140036,KLAMATH,DEL NORTE,del-norte,klamath,CA,California,california
64aeb2c05c37d9f108140037,SMITH RIVER,DEL NORTE,del-norte,smith-river,CA,California,california
64aeb2c05c37d9f108140038,CAMINO,EL DORADO,el-dorado,camino,CA,California,california
64aeb2c05c37d9f108140039,COLOMA,EL DORADO,el-dorado,coloma,CA,California,california
64aeb2c05c37d9f10814003a,COOL,EL DORADO,el-dorado,cool,CA,California,california
64aeb2c05c37d9f10814003b,DIAMOND SPRINGS,EL DORADO,el-dorado,diamond-springs,CA,California,california
64aeb2c05c37d9f10814003c,ECHO LAKE,EL DORADO,el-dorado,echo-lake,CA,California,california
64aeb2c05c37d9f10814003d,EL DORADO,EL DORADO,el-dorado,el-dorado,CA,California,california
64aeb2c05c37d9f10814003e,EL DORADO HILLS,EL DORADO,el-dorado,el-dorado-hills,CA,California,california
64aeb2c05c37d9f10814003f,GARDEN VALLEY,EL DORADO,el-dorado,garden-valley,CA,California,california
64aeb2c05c37d9f108140040,GEORGETOWN,EL DORADO,el-dorado,georgetown,CA,California,california
64aeb2c05c37d9f108140041,GREENWOOD,EL DORADO,el-dorado,greenwood,CA,California,california
64aeb2c05c37d9f108140045,MOUNT AUKUM,EL DORADO,el-dorado,mount-aukum,CA,California,california
64aeb2c05c37d9f108140059,FIREBAUGH,FRESNO,fresno,firebaugh,CA,California,california
64aeb2c05c37d9f10814005c,FRESNO,FRESNO,fresno,fresno,CA,California,california
64aeb2c05c37d9f10814005d,FRIANT,FRESNO,fresno,friant,CA,California,california
64aeb2c05c37d9f10814005e,HELM,FRESNO,fresno,helm,CA,California,california
64aeb2c05c37d9f10814005f,HUME,FRESNO,fresno,hume,CA,California,california
64aeb2c05c37d9f108140060,HURON,FRESNO,fresno,huron,CA,California,california
64aeb2c05c37d9f108140061,KERMAN,FRESNO,fresno,kerman,CA,California,california
64aeb2c05c37d9f108140062,KINGSBURG,FRESNO,fresno,kingsburg,CA,California,california
64aeb2c05c37d9f108140063,LAKESHORE,FRESNO,fresno,lakeshore,CA,California,california
64aeb2c05c37d9f108140067,MONO HOT SPRINGS,FRESNO,fresno,mono-hot-springs,CA,California,california
64aeb2c05c37d9f10814006b,PRATHER,FRESNO,fresno,prather,CA,California,california
64aeb2c05c37d9f108140084,CUTTEN,HUMBOLDT,humboldt,cutten,CA,California,california
64aeb2c05c37d9f108140093,ORICK,HUMBOLDT,humboldt,orick,CA,California,california
64aeb2c05c37d9f108140095,PETROLIA,HUMBOLDT,humboldt,petrolia,CA,California,california
64aeb2c05c37d9f108140099,RIO DELL,HUMBOLDT,humboldt,rio-dell,CA,California,california
64aeb2c05c37d9f10814009d,WEOTT,HUMBOLDT,humboldt,weott,CA,California,california
64aeb2c05c37d9f10814009e,WHITETHORN,HUMBOLDT,humboldt,whitethorn,CA,California,california
64aeb2c05c37d9f10814009f,WILLOW CREEK,HUMBOLDT,humboldt,willow-creek,CA,California,california
64aeb2c05c37d9f1081400a0,BARD,IMPERIAL,imperial,bard,CA,California,california
64aeb2c05c37d9f1081400a1,BRAWLEY,IMPERIAL,imperial,brawley,CA,California,california
64aeb2c05c37d9f1081400a2,CALEXICO,IMPERIAL,imperial,calexico,CA,California,california
64aeb2c05c37d9f1081400a3,CALIPATRIA,IMPERIAL,imperial,calipatria,CA,California,california
64aeb2c05c37d9f1081400a4,EL CENTRO,IMPERIAL,imperial,el-centro,CA,California,california
64aeb2c05c37d9f1081400a5,HEBER,IMPERIAL,imperial,heber,CA,California,california
64aeb2c05c37d9f1081400a6,HOLTVILLE,IMPERIAL,imperial,holtville,CA,California,california
64aeb2c05c37d9f1081400a7,IMPERIAL,IMPERIAL,imperial,imperial,CA,California,california
64aeb2c05c37d9f1081400a8,NILAND,IMPERIAL,imperial,niland,CA,California,california
64aeb2c05c37d9f1081400a9,OCOTILLO,IMPERIAL,imperial,ocotillo,CA,California,california
64aeb2c05c37d9f1081400aa,PALO VERDE,IMPERIAL,imperial,palo-verde,CA,California,california
64aeb2c05c37d9f1081400ab,SALTON CITY,IMPERIAL,imperial,salton-city,CA,California,california
64aeb2c05c37d9f1081400ac,SEELEY,IMPERIAL,imperial,seeley,CA,California,california
64aeb2c05c37d9f1081400ad,WESTMORLAND,IMPERIAL,imperial,westmorland,CA,California,california
64aeb2c05c37d9f1081400ae,WINTERHAVEN,IMPERIAL,imperial,winterhaven,CA,California,california
64aeb2c05c37d9f1081400b0,BISHOP,INYO,inyo,bishop,CA,California,california
64aeb2c05c37d9f1081400c5,FELLOWS,KERN,kern,fellows,CA,California,california
64aeb2c05c37d9f1081400dc,TEHACHAPI,KERN,kern,tehachapi,CA,California,california
64aeb2c05c37d9f1081400e0,WOFFORD HEIGHTS,KERN,kern,wofford-heights,CA,California,california
64aeb2c05c37d9f1081400f7,WITTER SPRINGS,LAKE,lake,witter-springs,CA,California,california
64aeb2c05c37d9f1081400f8,BIEBER,LASSEN,lassen,bieber,CA,California,california
64aeb2c05c37d9f1081400f9,DOYLE,LASSEN,lassen,doyle,CA,California,california
64aeb2c05c37d9f1081400fa,HERLONG,LASSEN,lassen,herlong,CA,California,california
64aeb2c05c37d9f1081400fb,JANESVILLE,LASSEN,lassen,janesville,CA,California,california
64aeb2c05c37d9f1081400fc,LITCHFIELD,LASSEN,lassen,litchfield,CA,California,california
64aeb2c05c37d9f1081400fd,MADELINE,LASSEN,lassen,madeline,CA,California,california
64aeb2c05c37d9f1081400fe,MILFORD,LASSEN,lassen,milford,CA,California,california
64aeb2c05c37d9f1081400ff,NUBIEBER,LASSEN,lassen,nubieber,CA,California,california
64aeb2c05c37d9f108140100,RAVENDALE,LASSEN,lassen,ravendale,CA,California,california
64aeb2c05c37d9f108140101,STANDISH,LASSEN,lassen,standish,CA,California,california
64aeb2c05c37d9f108140102,SUSANVILLE,LASSEN,lassen,susanville,CA,California,california
64aeb2c05c37d9f108140103,TERMO,LASSEN,lassen,termo,CA,California,california
64aeb2c05c37d9f108140104,WENDEL,LASSEN,lassen,wendel,CA,California,california
64aeb2c05c37d9f108140105,WESTWOOD,LASSEN,lassen,westwood,CA,California,california
64aeb2c05c37d9f108140106,ACTON,LOS ANGELES,los-angeles,acton,CA,California,california
64aeb2c05c37d9f108140107,AGOURA HILLS,LOS ANGELES,los-angeles,agoura-hills,CA,California,california
64aeb2c05c37d9f108140108,ALHAMBRA,LOS ANGELES,los-angeles,alhambra,CA,California,california
64aeb2c05c37d9f108140109,ALTADENA,LOS ANGELES,los-angeles,altadena,CA,California,california
64aeb2c05c37d9f108140121,DODGERTOWN,LOS ANGELES,los-angeles,dodgertown,CA,California,california
64aeb2c05c37d9f108140125,EL SEGUNDO,LOS ANGELES,los-angeles,el-segundo,CA,California,california
64aeb2c05c37d9f108140126,ENCINO,LOS ANGELES,los-angeles,encino,CA,California,california
64aeb2c05c37d9f108140127,GARDENA,LOS ANGELES,los-angeles,gardena,CA,California,california
64aeb2c05c37d9f108140128,GLENDALE,LOS ANGELES,los-angeles,glendale,CA,California,california
64aeb2c05c37d9f108140129,GLENDORA,LOS ANGELES,los-angeles,glendora,CA,California,california
64aeb2c05c37d9f10814012a,GRANADA HILLS,LOS ANGELES,los-angeles,granada-hills,CA,California,california
64aeb2c05c37d9f10814012b,HACIENDA HEIGHTS,LOS ANGELES,los-angeles,hacienda-heights,CA,California,california
64aeb2c05c37d9f10814012c,HARBOR CITY,LOS ANGELES,los-angeles,harbor-city,CA,California,california
64aeb2c05c37d9f10814012d,HAWAIIAN GARDENS,LOS ANGELES,los-angeles,hawaiian-gardens,CA,California,california
64aeb2c05c37d9f10814012e,HAWTHORNE,LOS ANGELES,los-angeles,hawthorne,CA,California,california
64aeb2c05c37d9f10814012f,HERMOSA BEACH,LOS ANGELES,los-angeles,hermosa-beach,CA,California,california
64aeb2c05c37d9f108140130,HUNTINGTON PARK,LOS ANGELES,los-angeles,huntington-park,CA,California,california
64aeb2c05c37d9f108140131,INGLEWOOD,LOS ANGELES,los-angeles,inglewood,CA,California,california
64aeb2c05c37d9f108140132,LA CANADA FLINTRIDGE,LOS ANGELES,los-angeles,la-canada-flintridge,CA,California,california
64aeb2c05c37d9f108140133,LA CRESCENTA,LOS ANGELES,los-angeles,la-crescenta,CA,California,california
64aeb2c05c37d9f108140134,LA MIRADA,LOS ANGELES,los-angeles,la-mirada,CA,California,california
64aeb2c05c37d9f108140136,LA VERNE,LOS ANGELES,los-angeles,la-verne,CA,California,california
64aeb2c05c37d9f108140138,LAKEWOOD,LOS ANGELES,los-angeles,lakewood,CA,California,california
64aeb2c05c37d9f10814013c,LLANO,LOS ANGELES,los-angeles,llano,CA,California,california
64aeb2c05c37d9f108140152,PALMDALE,LOS ANGELES,los-angeles,palmdale,CA,California,california
64aeb2c05c37d9f108140153,PALOS VERDES PENINSU,LOS ANGELES,los-angeles,palos-verdes-peninsu,CA,California,california
64aeb2c05c37d9f108140154,PANORAMA CITY,LOS ANGELES,los-angeles,panorama-city,CA,California,california
64aeb2c05c37d9f108140156,PASADENA,LOS ANGELES,los-angeles,pasadena,CA,California,california
64aeb2c05c37d9f108140158,PICO RIVERA,LOS ANGELES,los-angeles,pico-rivera,CA,California,california
64aeb2c05c37d9f108140159,PLAYA DEL REY,LOS ANGELES,los-angeles,playa-del-rey,CA,California,california
64aeb2c05c37d9f108140162,SAN DIMAS,LOS ANGELES,los-angeles,san-dimas,CA,California,california
64aeb2c05c37d9f108140164,SAN GABRIEL,LOS ANGELES,los-angeles,san-gabriel,CA,California,california
64aeb2c05c37d9f108140168,SANTA FE SPRINGS,LOS ANGELES,los-angeles,santa-fe-springs,CA,California,california
64aeb2c05c37d9f10814016c,SIGNAL HILL,LOS ANGELES,los-angeles,signal-hill,CA,California,california
64aeb2c05c37d9f108140183,WEST COVINA,LOS ANGELES,los-angeles,west-covina,CA,California,california
64aeb2c05c37d9f108140184,WEST HILLS,LOS ANGELES,los-angeles,west-hills,CA,California,california
64aeb2c05c37d9f108140185,WEST HOLLYWOOD,LOS ANGELES,los-angeles,west-hollywood,CA,California,california
64aeb2c05c37d9f108140186,WHITTIER,LOS ANGELES,los-angeles,whittier,CA,California,california
64aeb2c05c37d9f108140187,WILMINGTON,LOS ANGELES,los-angeles,wilmington,CA,California,california
64aeb2c05c37d9f108140188,WINNETKA,LOS ANGELES,los-angeles,winnetka,CA,California,california
64aeb2c05c37d9f108140189,WOODLAND HILLS,LOS ANGELES,los-angeles,woodland-hills,CA,California,california
64aeb2c05c37d9f10814018a,AHWAHNEE,MADERA,madera,ahwahnee,CA,California,california
64aeb2c05c37d9f10814018b,BASS LAKE,MADERA,madera,bass-lake,CA,California,california
64aeb2c05c37d9f10814018c,CHOWCHILLA,MADERA,madera,chowchilla,CA,California,california
64aeb2c05c37d9f10814018d,COARSEGOLD,MADERA,madera,coarsegold,CA,California,california
64aeb2c05c37d9f10814018e,MADERA,MADERA,madera,madera,CA,California,california
64aeb2c05c37d9f10814018f,NORTH FORK,MADERA,madera,north-fork,CA,California,california
64aeb2c05c37d9f108140190,O NEALS,MADERA,madera,o-neals,CA,California,california
64aeb2c05c37d9f108140191,OAKHURST,MADERA,madera,oakhurst,CA,California,california
64aeb2c05c37d9f108140192,RAYMOND,MADERA,madera,raymond,CA,California,california
64aeb2c05c37d9f108140193,WISHON,MADERA,madera,wishon,CA,California,california
64aeb2c05c37d9f108140194,BELVEDERE TIBURON,MARIN,marin,belvedere-tiburon,CA,California,california
64aeb2c05c37d9f108140195,BOLINAS,MARIN,marin,bolinas,CA,California,california
64aeb2c05c37d9f1081401a5,ROSS,MARIN,marin,ross,CA,California,california
64aeb2c05c37d9f1081401cc,REDWOOD VALLEY,MENDOCINO,mendocino,redwood-valley,CA,California,california
64aeb2c05c37d9f1081401e0,SNELLING,MERCED,merced,snelling,CA,California,california
64aeb2c05c37d9f1081401f5,AROMAS,MONTEREY,monterey,aromas,CA,California,california
64aeb2c05c37d9f1081401f6,BIG SUR,MONTEREY,monterey,big-sur,CA,California,california
64aeb2c05c37d9f1081401f7,BRADLEY,MONTEREY,monterey,bradley,CA,California,california
64aeb2c05c37d9f1081401f8,CARMEL,MONTEREY,monterey,carmel,CA,California,california
64aeb2c05c37d9f1081401f9,CARMEL BY THE SEA,MONTEREY,monterey,carmel-by-the-sea,CA,California,california
64aeb2c05c37d9f1081401fa,CARMEL VALLEY,MONTEREY,monterey,carmel-valley,CA,California,california
64aeb2c05c37d9f1081401fb,CASTROVILLE,MONTEREY,monterey,castroville,CA,California,california
64aeb2c05c37d9f1081401fc,CHUALAR,MONTEREY,monterey,chualar,CA,California,california
64aeb2c05c37d9f1081401fd,GONZALES,MONTEREY,monterey,gonzales,CA,California,california
64aeb2c05c37d9f1081401fe,GREENFIELD,MONTEREY,monterey,greenfield,CA,California,california
64aeb2c05c37d9f1081401ff,JOLON,MONTEREY,monterey,jolon,CA,California,california
64aeb2c05c37d9f108140200,KING CITY,MONTEREY,monterey,king-city,CA,California,california
64aeb2c05c37d9f108140201,LOCKWOOD,MONTEREY,monterey,lockwood,CA,California,california
64aeb2c05c37d9f108140202,MARINA,MONTEREY,monterey,marina,CA,California,california
64aeb2c05c37d9f108140203,MONTEREY,MONTEREY,monterey,monterey,CA,California,california
64aeb2c05c37d9f108140207,SALINAS,MONTEREY,monterey,salinas,CA,California,california
64aeb2c05c37d9f10814022e,EAST IRVINE,ORANGE,orange,east-irvine,CA,California,california
64aeb2c05c37d9f108140251,WESTMINSTER,ORANGE,orange,westminster,CA,California,california
64aeb2c05c37d9f108140252,YORBA LINDA,ORANGE,orange,yorba-linda,CA,California,california
64aeb2c05c37d9f108140253,ALTA,PLACER,placer,alta,CA,California,california
64aeb2c05c37d9f108140254,APPLEGATE,PLACER,placer,applegate,CA,California,california
64aeb2c05c37d9f108140255,AUBURN,PLACER,placer,auburn,CA,California,california
64aeb2c05c37d9f108140256,CARNELIAN BAY,PLACER,placer,carnelian-bay,CA,California,california
64aeb2c05c37d9f108140257,COLFAX,PLACER,placer,colfax,CA,California,california
64aeb2c05c37d9f108140258,DUTCH FLAT,PLACER,placer,dutch-flat,CA,California,california
64aeb2c05c37d9f108140259,EMIGRANT GAP,PLACER,placer,emigrant-gap,CA,California,california
64aeb2c05c37d9f10814025a,FORESTHILL,PLACER,placer,foresthill,CA,California,california
64aeb2c05c37d9f10814025b,GOLD RUN,PLACER,placer,gold-run,CA,California,california
64aeb2c05c37d9f10814025c,GRANITE BAY,PLACER,placer,granite-bay,CA,California,california
64aeb2c05c37d9f10814025d,HOMEWOOD,PLACER,placer,homewood,CA,California,california
64aeb2c05c37d9f10814025e,KINGS BEACH,PLACER,placer,kings-beach,CA,California,california
64aeb2c05c37d9f10814025f,LINCOLN,PLACER,placer,lincoln,CA,California,california
64aeb2c05c37d9f108140260,LOOMIS,PLACER,placer,loomis,CA,California,california
64aeb2c05c37d9f108140261,MEADOW VISTA,PLACER,placer,meadow-vista,CA,California,california
64aeb2c05c37d9f108140262,NEWCASTLE,PLACER,placer,newcastle,CA,California,california
64aeb2c05c37d9f108140263,OLYMPIC VALLEY,PLACER,placer,olympic-valley,CA,California,california
64aeb2c05c37d9f108140277,STORRIE,PLUMAS,plumas,storrie,CA,California,california
64aeb2c05c37d9f108140278,TAYLORSVILLE,PLUMAS,plumas,taylorsville,CA,California,california
64aeb2c05c37d9f108140279,TWAIN,PLUMAS,plumas,twain,CA,California,california
64aeb2c05c37d9f10814027a,VINTON,PLUMAS,plumas,vinton,CA,California,california
64aeb2c05c37d9f10814027b,AGUANGA,RIVERSIDE,riverside,aguanga,CA,California,california
64aeb2c05c37d9f10814027c,ANZA,RIVERSIDE,riverside,anza,CA,California,california
64aeb2c05c37d9f10814027d,BANNING,RIVERSIDE,riverside,banning,CA,California,california
64aeb2c05c37d9f10814027e,BEAUMONT,RIVERSIDE,riverside,beaumont,CA,California,california
64aeb2c05c37d9f10814027f,BLYTHE,RIVERSIDE,riverside,blythe,CA,California,california
64aeb2c05c37d9f108140280,CABAZON,RIVERSIDE,riverside,cabazon,CA,California,california
64aeb2c05c37d9f108140281,CALIMESA,RIVERSIDE,riverside,calimesa,CA,California,california
64aeb2c05c37d9f108140282,CATHEDRAL CITY,RIVERSIDE,riverside,cathedral-city,CA,California,california
64aeb2c05c37d9f108140283,COACHELLA,RIVERSIDE,riverside,coachella,CA,California,california
64aeb2c05c37d9f108140284,CORONA,RIVERSIDE,riverside,corona,CA,California,california
64aeb2c05c37d9f108140285,DESERT CENTER,RIVERSIDE,riverside,desert-center,CA,California,california
64aeb2c05c37d9f108140286,DESERT HOT SPRINGS,RIVERSIDE,riverside,desert-hot-springs,CA,California,california
64aeb2c05c37d9f108140287,HEMET,RIVERSIDE,riverside,hemet,CA,California,california
64aeb2c05c37d9f108140288,HOMELAND,RIVERSIDE,riverside,homeland,CA,California,california
64aeb2c05c37d9f108140289,IDYLLWILD,RIVERSIDE,riverside,idyllwild,CA,California,california
64aeb2c05c37d9f10814028d,LAKE ELSINORE,RIVERSIDE,riverside,lake-elsinore,CA,California,california
64aeb2c05c37d9f10814028e,MARCH AIR RESERVE BA,RIVERSIDE,riverside,march-air-reserve-ba,CA,California,california
64aeb2c05c37d9f10814028f,MECCA,RIVERSIDE,riverside,mecca,CA,California,california
64aeb2c05c37d9f108140290,MENIFEE,RIVERSIDE,riverside,menifee,CA,California,california
64aeb2c05c37d9f108140291,MIRA LOMA,RIVERSIDE,riverside,mira-loma,CA,California,california
64aeb2c05c37d9f108140292,MORENO VALLEY,RIVERSIDE,riverside,moreno-valley,CA,California,california
64aeb2c05c37d9f108140293,MOUNTAIN CENTER,RIVERSIDE,riverside,mountain-center,CA,California,california
64aeb2c05c37d9f108140294,MURRIETA,RIVERSIDE,riverside,murrieta,CA,California,california
64aeb2c05c37d9f108140295,NORCO,RIVERSIDE,riverside,norco,CA,California,california
64aeb2c05c37d9f108140296,NORTH PALM SPRINGS,RIVERSIDE,riverside,north-palm-springs,CA,California,california
64aeb2c05c37d9f108140297,NUEVO,RIVERSIDE,riverside,nuevo,CA,California,california
64aeb2c05c37d9f108140298,PALM DESERT,RIVERSIDE,riverside,palm-desert,CA,California,california
64aeb2c05c37d9f108140299,PALM SPRINGS,RIVERSIDE,riverside,palm-springs,CA,California,california
64aeb2c05c37d9f10814029a,PERRIS,RIVERSIDE,riverside,perris,CA,California,california
64aeb2c05c37d9f10814029b,QUAIL VALLEY,RIVERSIDE,riverside,quail-valley,CA,California,california
64aeb2c05c37d9f10814029c,RANCHO MIRAGE,RIVERSIDE,riverside,rancho-mirage,CA,California,california
64aeb2c05c37d9f10814029d,RIVERSIDE,RIVERSIDE,riverside,riverside,CA,California,california
64aeb2c05c37d9f10814029e,SAN JACINTO,RIVERSIDE,riverside,san-jacinto,CA,California,california
64aeb2c05c37d9f10814029f,SUN CITY,RIVERSIDE,riverside,sun-city,CA,California,california
64aeb2c05c37d9f1081402b1,ISLETON,SACRAMENTO,sacramento,isleton,CA,California,california
64aeb2c05c37d9f1081402b5,ORANGEVALE,SACRAMENTO,sacramento,orangevale,CA,California,california
64aeb2c05c37d9f1081402b9,RYDE,SACRAMENTO,sacramento,ryde,CA,California,california
64aeb2c05c37d9f1081402bd,WILTON,SACRAMENTO,sacramento,wilton,CA,California,california
64aeb2c05c37d9f1081402d2,COLTON,SAN BERNARDINO,san-bernardino,colton,CA,California,california
64aeb2c05c37d9f1081402d4,CRESTLINE,SAN BERNARDINO,san-bernardino,crestline,CA,California,california
64aeb2c05c37d9f1081402d6,EARP,SAN BERNARDINO,san-bernardino,earp,CA,California,california
64aeb2c05c37d9f1081402d8,FAWNSKIN,SAN BERNARDINO,san-bernardino,fawnskin,CA,California,california
64aeb2c05c37d9f1081402da,FOREST FALLS,SAN BERNARDINO,san-bernardino,forest-falls,CA,California,california
64aeb2c05c37d9f1081402dc,GRAND TERRACE,SAN BERNARDINO,san-bernardino,grand-terrace,CA,California,california
64aeb2c05c37d9f1081402de,GUASTI,SAN BERNARDINO,san-bernardino,guasti,CA,California,california
64aeb2c05c37d9f1081402e0,HESPERIA,SAN BERNARDINO,san-bernardino,hesperia,CA,California,california
64aeb2c05c37d9f1081402e2,HINKLEY,SAN BERNARDINO,san-bernardino,hinkley,CA,California,california
64aeb2c05c37d9f1081402e4,LAKE ARROWHEAD,SAN BERNARDINO,san-bernardino,lake-arrowhead,CA,California,california
64aeb2c05c37d9f1081402e8,LUDLOW,SAN BERNARDINO,san-bernardino,ludlow,CA,California,california
64aeb2c05c37d9f1081402ec,MORONGO VALLEY,SAN BERNARDINO,san-bernardino,morongo-valley,CA,California,california
64aeb2c05c37d9f1081402ed,MOUNTAIN PASS,SAN BERNARDINO,san-bernardino,mountain-pass,CA,California,california
64aeb2c05c37d9f1081402ee,MT BALDY,SAN BERNARDINO,san-bernardino,mt-baldy,CA,California,california
64aeb2c05c37d9f1081402ef,NEEDLES,SAN BERNARDINO,san-bernardino,needles,CA,California,california
64aeb2c05c37d9f1081402f0,NEWBERRY SPRINGS,SAN BERNARDINO,san-bernardino,newberry-springs,CA,California,california
64aeb2c05c37d9f1081402f1,NIPTON,SAN BERNARDINO,san-bernardino,nipton,CA,California,california
64aeb2c05c37d9f1081402f2,ONTARIO,SAN BERNARDINO,san-bernardino,ontario,CA,California,california
64aeb2c05c37d9f1081402f3,ORO GRANDE,SAN BERNARDINO,san-bernardino,oro-grande,CA,California,california
64aeb2c05c37d9f1081402f4,PARKER DAM,SAN BERNARDINO,san-bernardino,parker-dam,CA,California,california
64aeb2c05c37d9f1081402f5,PATTON,SAN BERNARDINO,san-bernardino,patton,CA,California,california
64aeb2c05c37d9f1081402f6,PHELAN,SAN BERNARDINO,san-bernardino,phelan,CA,California,california
64aeb2c05c37d9f1081402f7,PINON HILLS,SAN BERNARDINO,san-bernardino,pinon-hills,CA,California,california
64aeb2c05c37d9f1081402f8,PIONEERTOWN,SAN BERNARDINO,san-bernardino,pioneertown,CA,California,california
64aeb2c05c37d9f1081402f9,RANCHO CUCAMONGA,SAN BERNARDINO,san-bernardino,rancho-cucamonga,CA,California,california
64aeb2c05c37d9f1081402fa,REDLANDS,SAN BERNARDINO,san-bernardino,redlands,CA,California,california
64aeb2c05c37d9f1081402fb,RIALTO,SAN BERNARDINO,san-bernardino,rialto,CA,California,california
64aeb2c05c37d9f1081402fc,RIMFOREST,SAN BERNARDINO,san-bernardino,rimforest,CA,California,california
64aeb2c05c37d9f1081402fd,RUNNING SPRINGS,SAN BERNARDINO,san-bernardino,running-springs,CA,California,california
64aeb2c05c37d9f1081402fe,SAN BERNARDINO,SAN BERNARDINO,san-bernardino,san-bernardino,CA,California,california
64aeb2c05c37d9f108140312,CARDIFF BY THE SEA,SAN DIEGO,san-diego,cardiff-by-the-sea,CA,California,california
64aeb2c05c37d9f108140334,SAN LUIS REY,SAN DIEGO,san-diego,san-luis-rey,CA,California,california
64aeb2c05c37d9f108140337,SANTA YSABEL,SAN DIEGO,san-diego,santa-ysabel,CA,California,california
64aeb2c05c37d9f108140363,SANTA MARGARITA,SAN LUIS OBISPO,san-luis-obispo,santa-margarita,CA,California,california
64aeb2c05c37d9f10814038a,SUMMERLAND,SANTA BARBARA,santa-barbara,summerland,CA,California,california
64aeb2c05c37d9f10814038b,ALVISO,SANTA CLARA,santa-clara,alviso,CA,California,california
64aeb2c05c37d9f10814038c,CAMPBELL,SANTA CLARA,santa-clara,campbell,CA,California,california
64aeb2c05c37d9f10814038d,COYOTE,SANTA CLARA,santa-clara,coyote,CA,California,california
64aeb2c05c37d9f10814038e,CUPERTINO,SANTA CLARA,santa-clara,cupertino,CA,California,california
64aeb2c05c37d9f10814038f,GILROY,SANTA CLARA,santa-clara,gilroy,CA,California,california
64aeb2c05c37d9f1081403c6,SHINGLETOWN,SHASTA,shasta,shingletown,CA,California,california
64aeb2c05c37d9f1081403ca,CALPINE,SIERRA,sierra,calpine,CA,California,california
64aeb2c05c37d9f1081403ce,SIERRA CITY,SIERRA,sierra,sierra-city,CA,California,california
64aeb2c05c37d9f1081403cf,SIERRAVILLE,SIERRA,sierra,sierraville,CA,California,california
64aeb2c05c37d9f1081403d0,CALLAHAN,SISKIYOU,siskiyou,callahan,CA,California,california
64aeb2c05c37d9f1081403d1,DORRIS,SISKIYOU,siskiyou,dorris,CA,California,california
64aeb2c05c37d9f1081403d2,DUNSMUIR,SISKIYOU,siskiyou,dunsmuir,CA,California,california
64aeb2c05c37d9f1081403d3,ETNA,SISKIYOU,siskiyou,etna,CA,California,california
64aeb2c05c37d9f1081403d4,FORKS OF SALMON,SISKIYOU,siskiyou,forks-of-salmon,CA,California,california
64aeb2c05c37d9f1081403d5,FORT JONES,SISKIYOU,siskiyou,fort-jones,CA,California,california
64aeb2c05c37d9f1081403d6,GAZELLE,SISKIYOU,siskiyou,gazelle,CA,California,california
64aeb2c05c37d9f1081403d7,GREENVIEW,SISKIYOU,siskiyou,greenview,CA,California,california
64aeb2c05c37d9f1081403d8,GRENADA,SISKIYOU,siskiyou,grenada,CA,California,california
64aeb2c05c37d9f1081403d9,HAPPY CAMP,SISKIYOU,siskiyou,happy-camp,CA,California,california
64aeb2c05c37d9f1081403da,HORNBROOK,SISKIYOU,siskiyou,hornbrook,CA,California,california
64aeb2c05c37d9f1081403db,KLAMATH RIVER,SISKIYOU,siskiyou,klamath-river,CA,California,california
64aeb2c05c37d9f1081403dc,MACDOEL,SISKIYOU,siskiyou,macdoel,CA,California,california
64aeb2c05c37d9f1081403dd,MCCLOUD,SISKIYOU,siskiyou,mccloud,CA,California,california
64aeb2c05c37d9f1081403de,MONTAGUE,SISKIYOU,siskiyou,montague,CA,California,california
64aeb2c05c37d9f1081403df,MOUNT SHASTA,SISKIYOU,siskiyou,mount-shasta,CA,California,california
64aeb2c05c37d9f1081403e0,SCOTT BAR,SISKIYOU,siskiyou,scott-bar,CA,California,california
64aeb2c05c37d9f1081403e1,SEIAD VALLEY,SISKIYOU,siskiyou,seiad-valley,CA,California,california
64aeb2c05c37d9f1081403e2,SOMES BAR,SISKIYOU,siskiyou,somes-bar,CA,California,california
64aeb2c05c37d9f1081403e3,TULELAKE,SISKIYOU,siskiyou,tulelake,CA,California,california
64aeb2c05c37d9f1081403e4,WEED,SISKIYOU,siskiyou,weed,CA,California,california
64aeb2c05c37d9f1081403e5,YREKA,SISKIYOU,siskiyou,yreka,CA,California,california
64aeb2c05c37d9f1081403e6,BENICIA,SOLANO,solano,benicia,CA,California,california
64aeb2c05c37d9f1081403e7,BIRDS LANDING,SOLANO,solano,birds-landing,CA,California,california
64aeb2c05c37d9f1081403e8,DIXON,SOLANO,solano,dixon,CA,California,california
64aeb2c05c37d9f1081403e9,ELMIRA,SOLANO,solano,elmira,CA,California,california
64aeb2c05c37d9f1081403ea,FAIRFIELD,SOLANO,solano,fairfield,CA,California,california
64aeb2c05c37d9f1081403eb,RIO VISTA,SOLANO,solano,rio-vista,CA,California,california
64aeb2c05c37d9f1081403ec,SUISUN CITY,SOLANO,solano,suisun-city,CA,California,california
64aeb2c05c37d9f1081403ed,TRAVIS AFB,SOLANO,solano,travis-afb,CA,California,california
64aeb2c05c37d9f1081403ee,VACAVILLE,SOLANO,solano,vacaville,CA,California,california
64aeb2c05c37d9f1081403ef,VALLEJO,SOLANO,solano,vallejo,CA,California,california
64aeb2c05c37d9f1081403f0,ANNAPOLIS,SONOMA,sonoma,annapolis,CA,California,california
64aeb2c05c37d9f1081403f1,BODEGA,SONOMA,sonoma,bodega,CA,California,california
64aeb2c05c37d9f1081403f2,BODEGA BAY,SONOMA,sonoma,bodega-bay,CA,California,california
64aeb2c05c37d9f108140401,HEALDSBURG,SONOMA,sonoma,healdsburg,CA,California,california
64aeb2c05c37d9f10814043b,DOUGLAS CITY,TRINITY,trinity,douglas-city,CA,California,california
64aeb2c05c37d9f10814043c,HAYFORK,TRINITY,trinity,hayfork,CA,California,california
64aeb2c05c37d9f10814043d,HYAMPOM,TRINITY,trinity,hyampom,CA,California,california
64aeb2c05c37d9f10814043e,JUNCTION CITY,TRINITY,trinity,junction-city,CA,California,california
64aeb2c05c37d9f10814043f,LEWISTON,TRINITY,trinity,lewiston,CA,California,california
64aeb2c05c37d9f108140440,MAD RIVER,TRINITY,trinity,mad-river,CA,California,california
64aeb2c05c37d9f108140441,SALYER,TRINITY,trinity,salyer,CA,California,california
64aeb2c05c37d9f108140442,TRINITY CENTER,TRINITY,trinity,trinity-center,CA,California,california
64aeb2c05c37d9f108140443,WEAVERVILLE,TRINITY,trinity,weaverville,CA,California,california
64aeb2c05c37d9f108140444,ZENIA,TRINITY,trinity,zenia,CA,California,california
64aeb2c05c37d9f108140445,ALPAUGH,TULARE,tulare,alpaugh,CA,California,california
64aeb2c05c37d9f108140446,BADGER,TULARE,tulare,badger,CA,California,california
64aeb2c05c37d9f108140447,CALIFORNIA HOT SPRIN,TULARE,tulare,california-hot-sprin,CA,California,california
64aeb2c05c37d9f108140448,CAMP NELSON,TULARE,tulare,camp-nelson,CA,California,california
64aeb2c05c37d9f108140449,CUTLER,TULARE,tulare,cutler,CA,California,california
64aeb2c05c37d9f10814044a,DINUBA,TULARE,tulare,dinuba,CA,California,california
64aeb2c05c37d9f10814044b,DUCOR,TULARE,tulare,ducor,CA,California,california
64aeb2c05c37d9f10814044c,EARLIMART,TULARE,tulare,earlimart,CA,California,california
64aeb2c05c37d9f10814044d,EXETER,TULARE,tulare,exeter,CA,California,california
64aeb2c05c37d9f10814044e,FARMERSVILLE,TULARE,tulare,farmersville,CA,California,california
64aeb2c05c37d9f10814044f,GOSHEN,TULARE,tulare,goshen,CA,California,california
64aeb2c05c37d9f108140450,IVANHOE,TULARE,tulare,ivanhoe,CA,California,california
64aeb2c05c37d9f108140451,KAWEAH,TULARE,tulare,kaweah,CA,California,california
64aeb2c05c37d9f108140452,KINGS CANYON NATIONA,TULARE,tulare,kings-canyon-nationa,CA,California,california
64aeb2c05c37d9f108140453,LEMON COVE,TULARE,tulare,lemon-cove,CA,California,california
64aeb2c05c37d9f108140454,LINDSAY,TULARE,tulare,lindsay,CA,California,california
64aeb2c05c37d9f108140455,OROSI,TULARE,tulare,orosi,CA,California,california
64aeb2c05c37d9f108140456,PIXLEY,TULARE,tulare,pixley,CA,California,california
64aeb2c05c37d9f108140457,PORTERVILLE,TULARE,tulare,porterville,CA,California,california
64aeb2c05c37d9f108140458,POSEY,TULARE,tulare,posey,CA,California,california
64aeb2c05c37d9f108140459,RICHGROVE,TULARE,tulare,richgrove,CA,California,california
64aeb2c05c37d9f10814045a,SEQUOIA NATIONAL PAR,TULARE,tulare,sequoia-national-par,CA,California,california
64aeb2c05c37d9f10814045b,SPRINGVILLE,TULARE,tulare,springville,CA,California,california
64aeb2c05c37d9f10814045c,STRATHMORE,TULARE,tulare,strathmore,CA,California,california
64aeb2c05c37d9f10814045d,SULTANA,TULARE,tulare,sultana,CA,California,california
64aeb2c05c37d9f10814045e,TERRA BELLA,TULARE,tulare,terra-bella,CA,California,california
64aeb2c05c37d9f10814045f,THREE RIVERS,TULARE,tulare,three-rivers,CA,California,california
64aeb2c05c37d9f108140460,TIPTON,TULARE,tulare,tipton,CA,California,california
64aeb2c05c37d9f108140461,TRAVER,TULARE,tulare,traver,CA,California,california
64aeb2c05c37d9f108140474,TUOLUMNE,TUOLUMNE,tuolumne,tuolumne,CA,California,california
64aeb2c05c37d9f108140475,TWAIN HARTE,TUOLUMNE,tuolumne,twain-harte,CA,California,california
64aeb2c05c37d9f108140476,BRANDEIS,VENTURA,ventura,brandeis,CA,California,california
64aeb2c05c37d9f108140477,CAMARILLO,VENTURA,ventura,camarillo,CA,California,california
64aeb2c05c37d9f108140478,FILLMORE,VENTURA,ventura,fillmore,CA,California,california
64aeb2c05c37d9f108140479,MOORPARK,VENTURA,ventura,moorpark,CA,California,california
64aeb2c05c37d9f10814047a,NEWBURY PARK,VENTURA,ventura,newbury-park,CA,California,california
64aeb2c05c37d9f10814047b,OAK PARK,VENTURA,ventura,oak-park,CA,California,california
64aeb2c05c37d9f10814047c,OAK VIEW,VENTURA,ventura,oak-view,CA,California,california
64aeb2c05c37d9f10814047d,OJAI,VENTURA,ventura,ojai,CA,California,california
64aeb2c05c37d9f10814047e,OXNARD,VENTURA,ventura,oxnard,CA,California,california
64aeb2c05c37d9f10814047f,PIRU,VENTURA,ventura,piru,CA,California,california
64aeb2c05c37d9f108140480,POINT MUGU NAWC,VENTURA,ventura,point-mugu-nawc,CA,California,california
64aeb2c05c37d9f108140481,PORT HUENEME,VENTURA,ventura,port-hueneme,CA,California,california
64aeb2c05c37d9f108140482,PORT HUENEME CBC BAS,VENTURA,ventura,port-hueneme-cbc-bas,CA,California,california
64aeb2c05c37d9f108140483,SANTA PAULA,VENTURA,ventura,santa-paula,CA,California,california
64aeb2c05c37d9f108140484,SIMI VALLEY,VENTURA,ventura,simi-valley,CA,California,california
64aeb2c05c37d9f108140485,SOMIS,VENTURA,ventura,somis,CA,California,california
64aeb2c05c37d9f108140486,THOUSAND OAKS,VENTURA,ventura,thousand-oaks,CA,California,california
64aeb2c05c37d9f108140487,VENTURA,VENTURA,ventura,ventura,CA,California,california
64aeb2c05c37d9f108140488,WESTLAKE VILLAGE,VENTURA,ventura,westlake-village,CA,California,california
64aeb2c05c37d9f108140489,BROOKS,YOLO,yolo,brooks,CA,California,california
64aeb2c05c37d9f10814048a,CAPAY,YOLO,yolo,capay,CA,California,california
64aeb2c05c37d9f10814048b,CLARKSBURG,YOLO,yolo,clarksburg,CA,California,california
64aeb2c05c37d9f10814048c,DAVIS,YOLO,yolo,davis,CA,California,california
64aeb2c05c37d9f10814048d,DUNNIGAN,YOLO,yolo,dunnigan,CA,California,california
64aeb2c05c37d9f10814048e,ESPARTO,YOLO,yolo,esparto,CA,California,california
64aeb2c05c37d9f10814048f,GUINDA,YOLO,yolo,guinda,CA,California,california
64aeb2c05c37d9f108140490,KNIGHTS LANDING,YOLO,yolo,knights-landing,CA,California,california
64aeb2c05c37d9f108140491,MADISON,YOLO,yolo,madison,CA,California,california
64aeb2c05c37d9f108140492,RUMSEY,YOLO,yolo,rumsey,CA,California,california
64aeb2c05c37d9f108140493,WEST SACRAMENTO,YOLO,yolo,west-sacramento,CA,California,california
64aeb2c05c37d9f108140494,WINTERS,YOLO,yolo,winters,CA,California,california
64aeb2c05c37d9f108140495,WOODLAND,YOLO,yolo,woodland,CA,California,california
64aeb2c05c37d9f108140496,YOLO,YOLO,yolo,yolo,CA,California,california
64aeb2c05c37d9f108140497,ZAMORA,YOLO,yolo,zamora,CA,California,california
64aeb2c05c37d9f108140498,BEALE AFB,YUBA,yuba,beale-afb,CA,California,california
64aeb2c05c37d9f1081404a6,BRIGHTON,ADAMS,adams,brighton,CO,Colorado,colorado
64aeb2c05c37d9f1081404ad,THORNTON,ADAMS,adams,thornton,CO,Colorado,colorado
64aeb2c05c37d9f1081404b3,AURORA,ARAPAHOE,arapahoe,aurora,CO,Colorado,colorado
64aeb2c05c37d9f1081404cf,LYONS,BOULDER,boulder,lyons,CO,Colorado,colorado
64aeb2c05c37d9f1081404ed,FORT GARLAND,COSTILLA,costilla,fort-garland,CO,Colorado,colorado
64aeb2c05c37d9f1081404ee,JAROSO,COSTILLA,costilla,jaroso,CO,Colorado,colorado
64aeb2c05c37d9f1081404ef,SAN LUIS,COSTILLA,costilla,san-luis,CO,Colorado,colorado
64aeb2c05c37d9f1081404f0,CROWLEY,CROWLEY,crowley,crowley,CO,Colorado,colorado
64aeb2c05c37d9f1081404f1,OLNEY SPRINGS,CROWLEY,crowley,olney-springs,CO,Colorado,colorado
64aeb2c05c37d9f1081404f2,ORDWAY,CROWLEY,crowley,ordway,CO,Colorado,colorado
64aeb2c05c37d9f1081404f3,SUGAR CITY,CROWLEY,crowley,sugar-city,CO,Colorado,colorado
64aeb2c05c37d9f1081404f4,WESTCLIFFE,CUSTER,custer,westcliffe,CO,Colorado,colorado
64aeb2c05c37d9f1081404f5,WETMORE,CUSTER,custer,wetmore,CO,Colorado,colorado
64aeb2c05c37d9f1081404f6,AUSTIN,DELTA,delta,austin,CO,Colorado,colorado
64aeb2c05c37d9f1081404f7,CEDAREDGE,DELTA,delta,cedaredge,CO,Colorado,colorado
64aeb2c05c37d9f1081404f8,CORY,DELTA,delta,cory,CO,Colorado,colorado
64aeb2c05c37d9f1081404f9,CRAWFORD,DELTA,delta,crawford,CO,Colorado,colorado
64aeb2c05c37d9f1081404fa,DELTA,DELTA,delta,delta,CO,Colorado,colorado
64aeb2c05c37d9f1081404fb,ECKERT,DELTA,delta,eckert,CO,Colorado,colorado
64aeb2c05c37d9f1081404fc,HOTCHKISS,DELTA,delta,hotchkiss,CO,Colorado,colorado
64aeb2c05c37d9f1081404fd,LAZEAR,DELTA,delta,lazear,CO,Colorado,colorado
64aeb2c05c37d9f1081404fe,PAONIA,DELTA,delta,paonia,CO,Colorado,colorado
64aeb2c05c37d9f1081404ff,DENVER,DENVER,denver,denver,CO,Colorado,colorado
64aeb2c05c37d9f108140527,KIOWA,ELBERT,elbert,kiowa,CO,Colorado,colorado
64aeb2c05c37d9f108140545,ALMONT,GUNNISON,gunnison,almont,CO,Colorado,colorado
64aeb2c05c37d9f108140546,CRESTED BUTTE,GUNNISON,gunnison,crested-butte,CO,Colorado,colorado
64aeb2c05c37d9f108140547,GUNNISON,GUNNISON,gunnison,gunnison,CO,Colorado,colorado
64aeb2c05c37d9f108140548,OHIO CITY,GUNNISON,gunnison,ohio-city,CO,Colorado,colorado
64aeb2c05c37d9f108140549,PARLIN,GUNNISON,gunnison,parlin,CO,Colorado,colorado
64aeb2c05c37d9f10814054a,PITKIN,GUNNISON,gunnison,pitkin,CO,Colorado,colorado
64aeb2c05c37d9f10814054b,POWDERHORN,GUNNISON,gunnison,powderhorn,CO,Colorado,colorado
64aeb2c05c37d9f10814054c,SOMERSET,GUNNISON,gunnison,somerset,CO,Colorado,colorado
64aeb2c05c37d9f10814054d,LAKE CITY,HINSDALE,hinsdale,lake-city,CO,Colorado,colorado
64aeb2c05c37d9f10814054e,GARDNER,HUERFANO,huerfano,gardner,CO,Colorado,colorado
64aeb2c05c37d9f10814054f,LA VETA,HUERFANO,huerfano,la-veta,CO,Colorado,colorado
64aeb2c05c37d9f108140550,WALSENBURG,HUERFANO,huerfano,walsenburg,CO,Colorado,colorado
64aeb2c05c37d9f108140551,COALMONT,JACKSON,jackson,coalmont,CO,Colorado,colorado
64aeb2c05c37d9f108140552,COWDREY,JACKSON,jackson,cowdrey,CO,Colorado,colorado
64aeb2c05c37d9f108140553,RAND,JACKSON,jackson,rand,CO,Colorado,colorado
64aeb2c05c37d9f108140554,WALDEN,JACKSON,jackson,walden,CO,Colorado,colorado
64aeb2c05c37d9f108140555,ARVADA,JEFFERSON,jefferson,arvada,CO,Colorado,colorado
64aeb2c05c37d9f108140556,BROOMFIELD,JEFFERSON,jefferson,broomfield,CO,Colorado,colorado
64aeb2c05c37d9f108140557,BUFFALO CREEK,JEFFERSON,jefferson,buffalo-creek,CO,Colorado,colorado
64aeb2c05c37d9f108140565,HASWELL,KIOWA,kiowa,haswell,CO,Colorado,colorado
64aeb2c05c37d9f108140566,SHERIDAN LAKE,KIOWA,kiowa,sheridan-lake,CO,Colorado,colorado
64aeb2c05c37d9f108140567,BETHUNE,KIT CARSON,kit-carson,bethune,CO,Colorado,colorado
64aeb2c05c37d9f108140568,BURLINGTON,KIT CARSON,kit-carson,burlington,CO,Colorado,colorado
64aeb2c05c37d9f108140569,FLAGLER,KIT CARSON,kit-carson,flagler,CO,Colorado,colorado
64aeb2c05c37d9f10814056a,SEIBERT,KIT CARSON,kit-carson,seibert,CO,Colorado,colorado
64aeb2c05c37d9f10814056b,STRATTON,KIT CARSON,kit-carson,stratton,CO,Colorado,colorado
64aeb2c05c37d9f10814056c,VONA,KIT CARSON,kit-carson,vona,CO,Colorado,colorado
64aeb2c05c37d9f10814056d,BAYFIELD,LA PLATA,la-plata,bayfield,CO,Colorado,colorado
64aeb2c05c37d9f10814056e,DURANGO,LA PLATA,la-plata,durango,CO,Colorado,colorado
64aeb2c05c37d9f10814056f,HESPERUS,LA PLATA,la-plata,hesperus,CO,Colorado,colorado
64aeb2c05c37d9f108140570,IGNACIO,LA PLATA,la-plata,ignacio,CO,Colorado,colorado
64aeb2c05c37d9f108140571,MARVEL,LA PLATA,la-plata,marvel,CO,Colorado,colorado
64aeb2c05c37d9f108140572,CLIMAX,LAKE,lake,climax,CO,Colorado,colorado
64aeb2c05c37d9f108140573,LEADVILLE,LAKE,lake,leadville,CO,Colorado,colorado
64aeb2c05c37d9f108140574,TWIN LAKES,LAKE,lake,twin-lakes,CO,Colorado,colorado
64aeb2c05c37d9f108140575,BELLVUE,LARIMER,larimer,bellvue,CO,Colorado,colorado
64aeb2c05c37d9f108140576,BERTHOUD,LARIMER,larimer,berthoud,CO,Colorado,colorado
64aeb2c05c37d9f108140577,DRAKE,LARIMER,larimer,drake,CO,Colorado,colorado
64aeb2c05c37d9f108140582,AGUILAR,LAS ANIMAS,las-animas,aguilar,CO,Colorado,colorado
64aeb2c05c37d9f108140598,CLIFTON,MESA,mesa,clifton,CO,Colorado,colorado
64aeb2c05c37d9f108140599,COLLBRAN,MESA,mesa,collbran,CO,Colorado,colorado
64aeb2c05c37d9f10814059a,DE BEQUE,MESA,mesa,de-beque,CO,Colorado,colorado
64aeb2c05c37d9f10814059b,FRUITA,MESA,mesa,fruita,CO,Colorado,colorado
64aeb2c05c37d9f10814059c,GATEWAY,MESA,mesa,gateway,CO,Colorado,colorado
64aeb2c05c37d9f10814059d,GLADE PARK,MESA,mesa,glade-park,CO,Colorado,colorado
64aeb2c05c37d9f10814059e,GRAND JUNCTION,MESA,mesa,grand-junction,CO,Colorado,colorado
64aeb2c05c37d9f10814059f,LOMA,MESA,mesa,loma,CO,Colorado,colorado
64aeb2c05c37d9f1081405a0,MACK,MESA,mesa,mack,CO,Colorado,colorado
64aeb2c05c37d9f1081405a1,MESA,MESA,mesa,mesa,CO,Colorado,colorado
64aeb2c05c37d9f1081405a2,MOLINA,MESA,mesa,molina,CO,Colorado,colorado
64aeb2c05c37d9f1081405a3,PALISADE,MESA,mesa,palisade,CO,Colorado,colorado
64aeb2c05c37d9f1081405a4,WHITEWATER,MESA,mesa,whitewater,CO,Colorado,colorado
64aeb2c05c37d9f1081405a5,CREEDE,MINERAL,mineral,creede,CO,Colorado,colorado
64aeb2c05c37d9f1081405a6,CRAIG,MOFFAT,moffat,craig,CO,Colorado,colorado
64aeb2c05c37d9f1081405a7,DINOSAUR,MOFFAT,moffat,dinosaur,CO,Colorado,colorado
64aeb2c05c37d9f1081405a8,HAMILTON,MOFFAT,moffat,hamilton,CO,Colorado,colorado
64aeb2c05c37d9f1081405a9,MAYBELL,MOFFAT,moffat,maybell,CO,Colorado,colorado
64aeb2c05c37d9f1081405aa,SLATER,MOFFAT,moffat,slater,CO,Colorado,colorado
64aeb2c05c37d9f1081405bc,FORT MORGAN,MORGAN,morgan,fort-morgan,CO,Colorado,colorado
64aeb2c05c37d9f1081405bd,HILLROSE,MORGAN,morgan,hillrose,CO,Colorado,colorado
64aeb2c05c37d9f1081405be,LOG LANE VILLAGE,MORGAN,morgan,log-lane-village,CO,Colorado,colorado
64aeb2c05c37d9f1081405bf,ORCHARD,MORGAN,morgan,orchard,CO,Colorado,colorado
64aeb2c05c37d9f1081405c0,SNYDER,MORGAN,morgan,snyder,CO,Colorado,colorado
64aeb2c05c37d9f1081405c1,WELDONA,MORGAN,morgan,weldona,CO,Colorado,colorado
64aeb2c05c37d9f1081405c2,WIGGINS,MORGAN,morgan,wiggins,CO,Colorado,colorado
64aeb2c05c37d9f1081405c3,CHERAW,OTERO,otero,cheraw,CO,Colorado,colorado
64aeb2c05c37d9f1081405c4,FOWLER,OTERO,otero,fowler,CO,Colorado,colorado
64aeb2c05c37d9f1081405c5,LA JUNTA,OTERO,otero,la-junta,CO,Colorado,colorado
64aeb2c05c37d9f1081405c6,MANZANOLA,OTERO,otero,manzanola,CO,Colorado,colorado
64aeb2c05c37d9f1081405c7,ROCKY FORD,OTERO,otero,rocky-ford,CO,Colorado,colorado
64aeb2c05c37d9f1081405c8,SWINK,OTERO,otero,swink,CO,Colorado,colorado
64aeb2c05c37d9f1081405c9,OURAY,OURAY,ouray,ouray,CO,Colorado,colorado
64aeb2c05c37d9f1081405ca,RIDGWAY,OURAY,ouray,ridgway,CO,Colorado,colorado
64aeb2c05c37d9f1081405cb,ALMA,PARK,park,alma,CO,Colorado,colorado
64aeb2c05c37d9f1081405cc,BAILEY,PARK,park,bailey,CO,Colorado,colorado
64aeb2c05c37d9f1081405cd,COMO,PARK,park,como,CO,Colorado,colorado
64aeb2c05c37d9f1081405ce,FAIRPLAY,PARK,park,fairplay,CO,Colorado,colorado
64aeb2c05c37d9f1081405e1,LAMAR,PROWERS,prowers,lamar,CO,Colorado,colorado
64aeb2c05c37d9f1081405e2,WILEY,PROWERS,prowers,wiley,CO,Colorado,colorado
64aeb2c05c37d9f1081405e3,AVONDALE,PUEBLO,pueblo,avondale,CO,Colorado,colorado
64aeb2c05c37d9f1081405e4,BEULAH,PUEBLO,pueblo,beulah,CO,Colorado,colorado
64aeb2c05c37d9f1081405e5,BOONE,PUEBLO,pueblo,boone,CO,Colorado,colorado
64aeb2c05c37d9f1081405e6,COLORADO CITY,PUEBLO,pueblo,colorado-city,CO,Colorado,colorado
64aeb2c05c37d9f1081405e7,PUEBLO,PUEBLO,pueblo,pueblo,CO,Colorado,colorado
64aeb2c05c37d9f1081405e8,RYE,PUEBLO,pueblo,rye,CO,Colorado,colorado
64aeb2c05c37d9f1081405e9,MEEKER,RIO BLANCO,rio-blanco,meeker,CO,Colorado,colorado
64aeb2c05c37d9f1081405ea,RANGELY,RIO BLANCO,rio-blanco,rangely,CO,Colorado,colorado
64aeb2c05c37d9f1081405eb,CENTER,RIO GRANDE,rio-grande,center,CO,Colorado,colorado
64aeb2c05c37d9f1081405ec,DEL NORTE,RIO GRANDE,rio-grande,del-norte,CO,Colorado,colorado
64aeb2c05c37d9f1081405ed,HOMELAKE,RIO GRANDE,rio-grande,homelake,CO,Colorado,colorado
64aeb2c05c37d9f1081405ee,MONTE VISTA,RIO GRANDE,rio-grande,monte-vista,CO,Colorado,colorado
64aeb2c05c37d9f1081405ef,SOUTH FORK,RIO GRANDE,rio-grande,south-fork,CO,Colorado,colorado
64aeb2c05c37d9f1081405f0,CLARK,ROUTT,routt,clark,CO,Colorado,colorado
64aeb2c05c37d9f1081405f1,HAYDEN,ROUTT,routt,hayden,CO,Colorado,colorado
64aeb2c05c37d9f1081405f2,OAK CREEK,ROUTT,routt,oak-creek,CO,Colorado,colorado
64aeb2c05c37d9f1081405f3,PHIPPSBURG,ROUTT,routt,phippsburg,CO,Colorado,colorado
64aeb2c05c37d9f1081405f5,TOPONAS,ROUTT,routt,toponas,CO,Colorado,colorado
64aeb2c05c37d9f1081405f6,YAMPA,ROUTT,routt,yampa,CO,Colorado,colorado
64aeb2c05c37d9f1081405f7,CRESTONE,SAGUACHE,saguache,crestone,CO,Colorado,colorado
64aeb2c05c37d9f1081405f8,MOFFAT,SAGUACHE,saguache,moffat,CO,Colorado,colorado
64aeb2c05c37d9f1081405f9,SAGUACHE,SAGUACHE,saguache,saguache,CO,Colorado,colorado
64aeb2c05c37d9f1081405fa,SARGENTS,SAGUACHE,saguache,sargents,CO,Colorado,colorado
64aeb2c05c37d9f1081405fb,VILLA GROVE,SAGUACHE,saguache,villa-grove,CO,Colorado,colorado
64aeb2c05c37d9f1081405fc,SILVERTON,SAN JUAN,san-juan,silverton,CO,Colorado,colorado
64aeb2c05c37d9f1081405fd,EGNAR,SAN MIGUEL,san-miguel,egnar,CO,Colorado,colorado
64aeb2c05c37d9f1081405fe,NORWOOD,SAN MIGUEL,san-miguel,norwood,CO,Colorado,colorado
64aeb2c05c37d9f1081405ff,OPHIR,SAN MIGUEL,san-miguel,ophir,CO,Colorado,colorado
64aeb2c05c37d9f108140600,PLACERVILLE,SAN MIGUEL,san-miguel,placerville,CO,Colorado,colorado
64aeb2c05c37d9f108140601,TELLURIDE,SAN MIGUEL,san-miguel,telluride,CO,Colorado,colorado
64aeb2c05c37d9f108140602,JULESBURG,SEDGWICK,sedgwick,julesburg,CO,Colorado,colorado
64aeb2c05c37d9f108140603,OVID,SEDGWICK,sedgwick,ovid,CO,Colorado,colorado
64aeb2c05c37d9f108140604,SEDGWICK,SEDGWICK,sedgwick,sedgwick,CO,Colorado,colorado
64aeb2c05c37d9f108140605,BRECKENRIDGE,SUMMIT,summit,breckenridge,CO,Colorado,colorado
64aeb2c05c37d9f108140607,FRISCO,SUMMIT,summit,frisco,CO,Colorado,colorado
64aeb2c05c37d9f10814062e,NUNN,WELD,weld,nunn,CO,Colorado,colorado
64aeb2c05c37d9f10814062f,PIERCE,WELD,weld,pierce,CO,Colorado,colorado
64aeb2c05c37d9f108140630,PLATTEVILLE,WELD,weld,platteville,CO,Colorado,colorado
64aeb2c05c37d9f108140631,ROGGEN,WELD,weld,roggen,CO,Colorado,colorado
64aeb2c05c37d9f108140635,ECKLEY,YUMA,yuma,eckley,CO,Colorado,colorado
64aeb2c05c37d9f108140639,VERNON,YUMA,yuma,vernon,CO,Colorado,colorado
64aeb2c05c37d9f10814063a,WRAY,YUMA,yuma,wray,CO,Colorado,colorado
64aeb2c05c37d9f10814063b,YUMA,YUMA,yuma,yuma,CO,Colorado,colorado
64aeb2c05c37d9f10814063c,BETHEL,FAIRFIELD,fairfield,bethel,CT,Connecticut,connecticut
64aeb2c05c37d9f10814063d,BOTSFORD,FAIRFIELD,fairfield,botsford,CT,Connecticut,connecticut
64aeb2c05c37d9f10814063e,BRIDGEPORT,FAIRFIELD,fairfield,bridgeport,CT,Connecticut,connecticut
64aeb2c05c37d9f10814063f,BROOKFIELD,FAIRFIELD,fairfield,brookfield,CT,Connecticut,connecticut
64aeb2c05c37d9f108140640,COS COB,FAIRFIELD,fairfield,cos-cob,CT,Connecticut,connecticut
64aeb2c05c37d9f108140641,DANBURY,FAIRFIELD,fairfield,danbury,CT,Connecticut,connecticut
64aeb2c05c37d9f108140642,DARIEN,FAIRFIELD,fairfield,darien,CT,Connecticut,connecticut
64aeb2c05c37d9f108140643,EASTON,FAIRFIELD,fairfield,easton,CT,Connecticut,connecticut
64aeb2c05c37d9f108140644,FAIRFIELD,FAIRFIELD,fairfield,fairfield,CT,Connecticut,connecticut
64aeb2c05c37d9f108140645,GEORGETOWN,FAIRFIELD,fairfield,georgetown,CT,Connecticut,connecticut
64aeb2c05c37d9f108140646,GREENS FARMS,FAIRFIELD,fairfield,greens-farms,CT,Connecticut,connecticut
64aeb2c05c37d9f108140647,GREENWICH,FAIRFIELD,fairfield,greenwich,CT,Connecticut,connecticut
64aeb2c05c37d9f108140648,HAWLEYVILLE,FAIRFIELD,fairfield,hawleyville,CT,Connecticut,connecticut
64aeb2c05c37d9f108140649,MONROE,FAIRFIELD,fairfield,monroe,CT,Connecticut,connecticut
64aeb2c05c37d9f10814064a,NEW CANAAN,FAIRFIELD,fairfield,new-canaan,CT,Connecticut,connecticut
64aeb2c05c37d9f10814064b,NEW FAIRFIELD,FAIRFIELD,fairfield,new-fairfield,CT,Connecticut,connecticut
64aeb2c05c37d9f108140659,STEVENSON,FAIRFIELD,fairfield,stevenson,CT,Connecticut,connecticut
64aeb2c05c37d9f10814066e,EAST WINDSOR HILL,HARTFORD,hartford,east-windsor-hill,CT,Connecticut,connecticut
64aeb2c05c37d9f10814066f,ENFIELD,HARTFORD,hartford,enfield,CT,Connecticut,connecticut
64aeb2c05c37d9f108140670,FARMINGTON,HARTFORD,hartford,farmington,CT,Connecticut,connecticut
64aeb2c05c37d9f108140671,GLASTONBURY,HARTFORD,hartford,glastonbury,CT,Connecticut,connecticut
64aeb2c05c37d9f108140672,GRANBY,HARTFORD,hartford,granby,CT,Connecticut,connecticut
64aeb2c05c37d9f108140673,HARTFORD,HARTFORD,hartford,hartford,CT,Connecticut,connecticut
64aeb2c05c37d9f108140674,MANCHESTER,HARTFORD,hartford,manchester,CT,Connecticut,connecticut
64aeb2c05c37d9f108140675,MARION,HARTFORD,hartford,marion,CT,Connecticut,connecticut
64aeb2c05c37d9f108140676,MARLBOROUGH,HARTFORD,hartford,marlborough,CT,Connecticut,connecticut
64aeb2c05c37d9f108140677,MILLDALE,HARTFORD,hartford,milldale,CT,Connecticut,connecticut
64aeb2c05c37d9f108140678,NEW BRITAIN,HARTFORD,hartford,new-britain,CT,Connecticut,connecticut
64aeb2c05c37d9f108140679,NEWINGTON,HARTFORD,hartford,newington,CT,Connecticut,connecticut
64aeb2c05c37d9f10814067a,NORTH CANTON,HARTFORD,hartford,north-canton,CT,Connecticut,connecticut
64aeb2c05c37d9f10814067b,NORTH GRANBY,HARTFORD,hartford,north-granby,CT,Connecticut,connecticut
64aeb2c05c37d9f10814067c,PLAINVILLE,HARTFORD,hartford,plainville,CT,Connecticut,connecticut
64aeb2c05c37d9f10814067d,PLANTSVILLE,HARTFORD,hartford,plantsville,CT,Connecticut,connecticut
64aeb2c05c37d9f10814067e,POQUONOCK,HARTFORD,hartford,poquonock,CT,Connecticut,connecticut
64aeb2c05c37d9f10814069f,LAKEVILLE,LITCHFIELD,litchfield,lakeville,CT,Connecticut,connecticut
64aeb2c05c37d9f1081406ca,MIDDLEFIELD,MIDDLESEX,middlesex,middlefield,CT,Connecticut,connecticut
64aeb2c05c37d9f1081406e5,PROSPECT,NEW HAVEN,new-haven,prospect,CT,Connecticut,connecticut
64aeb2c05c37d9f1081406fa,MASHANTUCKET,NEW LONDON,new-london,mashantucket,CT,Connecticut,connecticut
64aeb2c05c37d9f1081406fb,MONTVILLE,NEW LONDON,new-london,montville,CT,Connecticut,connecticut
64aeb2c05c37d9f1081406fc,MYSTIC,NEW LONDON,new-london,mystic,CT,Connecticut,connecticut
64aeb2c05c37d9f1081406fd,NEW LONDON,NEW LONDON,new-london,new-london,CT,Connecticut,connecticut
64aeb2c05c37d9f1081406fe,NIANTIC,NEW LONDON,new-london,niantic,CT,Connecticut,connecticut
64aeb2c05c37d9f1081406ff,NORTH FRANKLIN,NEW LONDON,new-london,north-franklin,CT,Connecticut,connecticut
64aeb2c05c37d9f108140700,NORTH STONINGTON,NEW LONDON,new-london,north-stonington,CT,Connecticut,connecticut
64aeb2c05c37d9f108140701,NORTH WESTCHESTER,NEW LONDON,new-london,north-westchester,CT,Connecticut,connecticut
64aeb2c05c37d9f108140702,NORWICH,NEW LONDON,new-london,norwich,CT,Connecticut,connecticut
64aeb2c05c37d9f108140703,OAKDALE,NEW LONDON,new-london,oakdale,CT,Connecticut,connecticut
64aeb2c05c37d9f108140704,OLD LYME,NEW LONDON,new-london,old-lyme,CT,Connecticut,connecticut
64aeb2c05c37d9f108140705,OLD MYSTIC,NEW LONDON,new-london,old-mystic,CT,Connecticut,connecticut
64aeb2c05c37d9f108140706,PAWCATUCK,NEW LONDON,new-london,pawcatuck,CT,Connecticut,connecticut
64aeb2c05c37d9f108140707,PRESTON,NEW LONDON,new-london,preston,CT,Connecticut,connecticut
64aeb2c05c37d9f108140708,QUAKER HILL,NEW LONDON,new-london,quaker-hill,CT,Connecticut,connecticut
64aeb2c05c37d9f108140731,EASTFORD,WINDHAM,windham,eastford,CT,Connecticut,connecticut
64aeb2c05c37d9f108140746,WINDHAM,WINDHAM,windham,windham,CT,Connecticut,connecticut
64aeb2c05c37d9f108140747,WOODSTOCK,WINDHAM,windham,woodstock,CT,Connecticut,connecticut
64aeb2c05c37d9f108140748,WOODSTOCK VALLEY,WINDHAM,windham,woodstock-valley,CT,Connecticut,connecticut
64aeb2c05c37d9f108140749,NAVAL ANACOST ANNEX,DISTRICT OF COLUMBIA,district-of-columbia,naval-anacost-annex,DC,District Of Columbia,district-of-columbia